Date,Open,High,Low,Close,Volume,Adj Close
8/5/2015,115.510002,115.510002,115.089996,115.25,2991500,115.25
8/4/2015,115.989998,116.050003,115.639999,115.699997,3823200,115.699997
8/3/2015,115.860001,116.379997,115.830002,116.290001,2942800,116.290001
7/31/2015,116.110001,116.410004,116.099998,116.349998,3626900,116.019996
7/30/2015,115.769997,115.919998,115.599998,115.75,2157600,115.4217
7/29/2015,115.730003,115.809998,115.519997,115.690002,1569200,115.361872
7/28/2015,115.629997,115.82,115.5,115.790001,2755100,115.461587
7/27/2015,115.93,116.18,115.809998,115.879997,4836700,115.551328
7/24/2015,116.110001,116.110001,115.669998,115.839996,2704700,115.511441
7/23/2015,115.529999,116.019997,115.400002,115.919998,2007500,115.591216
7/22/2015,115.410004,115.75,115.339996,115.580002,1292900,115.252184
7/21/2015,115.010002,115.480003,115,115.43,2490700,115.102608
7/20/2015,115.25,115.449997,115.150002,115.190002,2805700,114.863291
7/17/2015,115.389999,115.620003,115.389999,115.459999,2268200,115.132521
7/16/2015,115.029999,115.459999,114.919998,115.379997,2036600,115.052746
7/15/2015,114.860001,115.370003,114.769997,115.199997,1923800,114.873257
7/14/2015,114.870003,115,114.660004,114.900002,4364200,114.574112
7/13/2015,114.580002,115.080002,114.580002,114.800003,3146100,114.474397
7/10/2015,115.150002,115.360001,114.809998,115.050003,2740000,114.723688
7/9/2015,116.160004,116.199997,115.720001,115.790001,1427800,115.461587
7/8/2015,116.510002,116.709999,116.230003,116.559998,3490600,116.2294
7/7/2015,116.650002,116.860001,116.260002,116.400002,3627500,116.069858
7/6/2015,115.879997,116.07,115.589996,115.919998,4844900,115.591216
7/2/2015,115.300003,115.660004,115.279999,115.459999,1971000,115.132521
7/1/2015,115.029999,115.290001,115.019997,115.019997,4088700,114.693767
6/30/2015,115.669998,116.18,115.599998,115.720001,2668600,115.062723
6/29/2015,115.220001,116.089996,115.150002,115.940002,5945700,115.281474
6/26/2015,115.019997,115.129997,114.730003,114.940002,2284900,114.287154
6/25/2015,115.480003,115.639999,115.260002,115.470001,2567500,114.814143
6/24/2015,115.440002,115.720001,115.300003,115.650002,2540000,114.99312
6/23/2015,115.089996,115.639999,115.089996,115.339996,1238700,114.684876
6/22/2015,116.089996,116.25,115.540001,115.599998,2547700,114.943401
6/19/2015,116.230003,116.620003,116.059998,116.480003,5114500,115.818408
6/18/2015,115.849998,116,115.529999,115.900002,1853100,115.2417
6/17/2015,116.040001,116.199997,115.470001,116.110001,3824200,115.450507
6/16/2015,115.959999,116.120003,115.660004,116.120003,2274100,115.460452
6/15/2015,116.199997,116.25,115.68,115.830002,1827600,115.172098
6/12/2015,115.760002,116.330002,115.730003,115.849998,2437900,115.191981
6/11/2015,115.540001,116.07,115.290001,116.050003,2562600,115.39085
6/10/2015,115.18,115.279999,114.93,115.029999,1959600,114.376639
6/9/2015,115.669998,115.669998,115.239998,115.339996,6152300,114.684876
6/8/2015,116.080002,116.199997,115.860001,115.860001,2131100,115.201927
6/5/2015,115.910004,116.209999,115.5,115.940002,5548000,115.281474
6/4/2015,116.120003,116.669998,116.120003,116.529999,2849100,115.868119
6/3/2015,116.440002,116.440002,115.709999,115.93,3307900,115.271529
6/2/2015,116.870003,116.989998,116.589996,116.68,7084900,116.017269
6/1/2015,117.860001,117.989998,117.220001,117.279999,5315800,116.613859
5/29/2015,118.5,118.57,118.129997,118.269997,2845800,117.271105
5/28/2015,118.43,118.489998,118.190002,118.220001,2901000,117.221532
5/27/2015,118.360001,118.550003,118.089996,118.470001,2282600,117.46942
5/26/2015,117.860001,118.410004,117.809998,118.349998,2232200,117.350431
5/22/2015,117.82,117.849998,117.510002,117.830002,2858500,116.834826
5/21/2015,117.550003,117.949997,117.419998,117.910004,1606900,116.914152
5/20/2015,117.379997,117.68,117.110001,117.349998,2626800,116.358877
5/19/2015,117.300003,117.800003,117.199997,117.209999,3562500,116.22006
5/18/2015,118.309998,118.480003,117.75,117.839996,2820500,116.844736
5/15/2015,118.209999,118.82,118.099998,118.75,1856500,117.747054
5/14/2015,117.75,118.139999,117.610001,117.93,3094300,116.93398
5/13/2015,118.209999,118.279999,117.489998,117.529999,3263600,116.537357
5/12/2015,117.449997,117.980003,117.199997,117.639999,3737200,116.646429
5/11/2015,118.610001,118.650002,117.690002,117.809998,3882700,116.814991
5/8/2015,119.089996,119.230003,118.830002,119.010002,5393700,118.00486
5/7/2015,118.010002,118.410004,117.860001,118.330002,3641200,117.330603
5/6/2015,118.300003,118.300003,117.68,117.860001,2105900,116.864572
5/5/2015,118.639999,118.690002,118.050003,118.370003,3307400,117.370266
5/4/2015,119.010002,119.160004,118.559998,118.57,2689600,117.568574
5/1/2015,119.220001,119.470001,118.800003,118.949997,3462200,117.945362
4/30/2015,119.660004,120.010002,119.169998,119.940002,5715900,118.59979
4/29/2015,120.010002,120.150002,119.599998,119.839996,3087100,118.500901
4/28/2015,121.220001,121.379997,120.760002,120.839996,1972500,119.489727
4/27/2015,121.650002,121.760002,121.32,121.559998,1564700,120.201683
4/24/2015,121.610001,121.830002,121.510002,121.650002,1690200,120.290682
4/23/2015,121.139999,121.589996,121.040001,121.419998,1962900,120.063248
4/22/2015,121.93,121.940002,121.089996,121.110001,2106000,119.756715
4/21/2015,121.93,122.099998,121.779999,121.900002,2441600,120.537888
4/20/2015,122.190002,122.349998,121.839996,121.93,1527200,120.567552
4/17/2015,121.82,122.349998,121.650002,122.220001,1625600,120.854312
4/16/2015,122.139999,122.139999,121.57,121.889999,1820400,120.527998
4/15/2015,122.150002,122.290001,121.959999,121.959999,1560900,120.597215
4/14/2015,122.050003,122.309998,121.849998,121.879997,2245000,120.518107
4/13/2015,121.650002,121.849998,121.540001,121.599998,1710100,120.241237
4/10/2015,121.470001,121.900002,121.470001,121.639999,1325000,120.280791
4/9/2015,122.07,122.07,121.360001,121.470001,1780600,120.112693
4/8/2015,122.129997,122.129997,121.699997,122.089996,3933500,120.72576
4/7/2015,121.599998,122.139999,121.480003,122.129997,2613500,120.765314
4/6/2015,122.010002,122.160004,121.400002,121.690002,3496000,120.330236
4/2/2015,121.940002,122.120003,121.5,121.529999,3013700,120.17202
4/1/2015,121.699997,122.169998,121.610001,121.730003,7393500,120.369789
3/31/2015,121.470001,121.760002,121.32,121.709999,1688300,120.024689
3/30/2015,121.419998,121.589996,121.279999,121.489998,981100,119.807734
3/27/2015,121.18,121.540001,121.029999,121.279999,1009700,119.600643
3/26/2015,121.269997,121.379997,120.720001,120.800003,2681800,119.127293
3/25/2015,122,122.300003,121.440002,121.550003,3205900,119.866908
3/24/2015,121.889999,122,121.699997,121.949997,2781900,120.261363
3/23/2015,121.57,121.830002,121.550003,121.769997,2946100,120.083856
3/20/2015,121.470001,121.709999,121.360001,121.489998,3669300,119.807734
3/19/2015,121.480003,121.610001,121.050003,121.150002,2503000,119.472445
3/18/2015,120.540001,121.889999,120.360001,121.769997,3382500,120.083856
3/17/2015,120.099998,120.370003,119.879997,120.290001,2528800,118.624353
3/16/2015,120.419998,120.419998,119.910004,120.089996,1588300,118.427118
3/13/2015,120,120.300003,119.900002,119.970001,1845300,118.308785
3/12/2015,120.629997,120.720001,120.080002,120.309998,2970700,118.644073
3/11/2015,120.07,120.440002,119.879997,120.43,1712200,118.762414
3/10/2015,120.019997,120.190002,119.790001,119.82,3356900,118.16086
3/9/2015,119.589996,119.68,119.379997,119.629997,6241000,117.973489
3/6/2015,119.699997,119.809998,119.110001,119.150002,3372700,117.500139
3/5/2015,120.5,120.580002,120.129997,120.43,1307600,118.762414
3/4/2015,120.660004,120.669998,120.199997,120.269997,2703200,118.604626
3/3/2015,120.5,120.769997,120.339996,120.349998,4737600,118.68352
3/2/2015,121.360001,121.360001,120.400002,120.419998,4540700,118.75255
2/27/2015,121.510002,121.860001,121.309998,121.800003,2892800,119.790971
2/26/2015,122,122.150002,121.440002,121.510002,1191100,119.505754
2/25/2015,121.919998,122.199997,121.739998,122.169998,2024500,120.154864
2/24/2015,121.059998,122.099998,120.800003,122.059998,1891900,120.046677
2/23/2015,121.150002,121.279999,121.059998,121.269997,2191400,119.269707
2/20/2015,121.019997,121.32,120.470001,120.860001,1621100,118.866474
2/19/2015,120.639999,121.080002,120.540001,120.68,2765500,118.689443
2/18/2015,120.339996,121,120.209999,120.699997,3221900,118.709109
2/17/2015,120.660004,120.779999,120.059998,120.269997,2970300,118.286202
2/13/2015,121.290001,121.360001,120.82,120.830002,2068700,118.83697
2/12/2015,121,121.440002,120.900002,121.309998,4045600,119.309048
2/11/2015,121.029999,121.050003,120.639999,121,2239400,119.004164
2/10/2015,121.230003,121.300003,120.889999,120.919998,2580300,118.925482
2/9/2015,121.559998,121.620003,121.110001,121.25,2426900,119.25004
2/6/2015,121.959999,122.089996,121.139999,121.169998,2578400,119.171358
2/5/2015,122.589996,122.690002,122.360001,122.449997,1789200,120.430244
2/4/2015,122.260002,122.870003,122.190002,122.839996,3209400,120.81381
2/3/2015,123.059998,123.190002,122.519997,122.669998,2828500,120.646616
2/2/2015,123.239998,123.720001,123.050003,123.669998,5684700,121.630122
1/30/2015,123.550003,123.900002,123.43,123.889999,3499000,121.517024
1/29/2015,122.860001,123.029999,122.690002,122.879997,1674500,120.526367
1/28/2015,122.389999,123.339996,122.370003,123.169998,1367900,120.810813
1/27/2015,122.68,122.830002,122.199997,122.339996,1267900,119.996709
1/26/2015,122.349998,122.470001,122,122.25,2347900,119.908437
1/23/2015,122.089996,122.410004,122.040001,122.279999,1436100,119.937861
1/22/2015,121.879997,121.959999,121.25,121.57,1938400,119.241461
1/21/2015,122.080002,122.110001,121.32,121.629997,1878000,119.300309
1/20/2015,121.709999,122.059998,121.629997,121.68,1648800,119.349355
1/16/2015,121.709999,121.910004,121.230003,121.400002,1322500,119.074719
1/15/2015,121.529999,122.269997,121.449997,122.080002,2171300,119.741695
1/14/2015,121.709999,121.82,121.349998,121.449997,2457000,119.123757
1/13/2015,121.129997,121.279999,120.910004,121.239998,1468300,118.91778
1/12/2015,120.940002,121.190002,120.870003,121.129997,1947800,118.809886
1/9/2015,120.419998,121.019997,120.389999,120.900002,1530400,118.584296
1/8/2015,120.650002,120.669998,120.370003,120.580002,2156900,118.270425
1/7/2015,120.639999,121.050003,120.510002,120.970001,1636600,118.652955
1/6/2015,120.650002,121.169998,120.470001,120.809998,5313400,118.496016
1/5/2015,120.190002,120.68,120.089996,120.32,3218800,118.015403
1/2/2015,119.599998,120.239998,119.550003,119.830002,2522100,117.534791
12/31/2014,119.580002,119.790001,119.309998,119.410004,1231400,117.122837
12/30/2014,119.550003,119.720001,119.300003,119.330002,1052000,117.044368
12/29/2014,119.269997,119.419998,119.110001,119.230003,826200,116.946285
12/26/2014,119.099998,119.129997,118.860001,119,499100,116.720687
12/24/2014,118.510002,118.989998,118.419998,118.910004,466200,116.632414
12/23/2014,119.599998,119.610001,118.769997,118.849998,1283500,116.257725
12/22/2014,119.559998,119.809998,119.330002,119.760002,2011400,117.14788
12/19/2014,119.190002,119.470001,119.029999,119.379997,1088400,116.776164
12/18/2014,119.25,119.510002,118.879997,119.440002,2056600,116.83486
12/17/2014,119.519997,119.889999,119.129997,119.32,1875200,116.717475
12/16/2014,119.339996,119.599998,119.139999,119.290001,2040500,116.68813
12/15/2014,119,119.489998,118.860001,119.330002,4318600,116.727259
12/12/2014,119.150002,119.629997,119,119.050003,3457700,116.453367
12/11/2014,119.050003,119.150002,118.68,118.860001,1915600,116.267509
12/10/2014,118.980003,119.269997,118.93,118.980003,2974000,116.384894
12/9/2014,119.129997,119.269997,118.900002,119.019997,1369900,116.424015
12/8/2014,118.529999,119.059998,118.419998,118.919998,1842000,116.326198
12/5/2014,118.75,118.809998,118.300003,118.360001,1118600,115.778414
12/4/2014,118.610001,119,118.580002,118.849998,2413000,116.257725
12/3/2014,118.620003,118.830002,118.550003,118.660004,5152200,116.071874
12/2/2014,118.940002,118.959999,118.540001,118.540001,1496000,115.954489
12/1/2014,119.800003,119.879997,118.949997,119.339996,6029800,116.737035
11/28/2014,119.910004,120.110001,119.910004,120.089996,1037800,117.14298
11/26/2014,119.730003,119.849998,119.660004,119.769997,978200,116.830833
11/25/2014,119,119.449997,118.949997,119.360001,2052800,116.430898
11/24/2014,118.620003,118.889999,118.599998,118.849998,1592600,115.933412
11/21/2014,118.389999,118.75,118.300003,118.660004,1820200,115.748079
11/20/2014,118.209999,118.300003,117.870003,118.150002,2040100,115.250593
11/19/2014,117.860001,118.080002,117.699997,117.699997,1890200,114.811631
11/18/2014,118.209999,118.360001,118.160004,118.330002,2002900,115.426176
11/17/2014,118.639999,118.68,118.169998,118.230003,1770100,115.328631
11/14/2014,118.25,118.709999,118.190002,118.510002,1784800,115.601759
11/13/2014,118.529999,118.559998,118.309998,118.360001,2128500,115.455438
11/12/2014,118.830002,118.980003,118.349998,118.489998,1931400,115.582245
11/11/2014,118.5,118.589996,118.400002,118.5,805600,115.592002
11/10/2014,118.980003,119,118.5,118.510002,1710500,115.601759
11/7/2014,118.5,119.120003,118.5,119.110001,1730000,116.187033
11/6/2014,118.589996,118.709999,118.330002,118.360001,1458700,115.455438
11/5/2014,118.809998,118.849998,118.610001,118.720001,1725300,115.806604
11/4/2014,118.800003,119.129997,118.769997,118.940002,2155400,116.021207
11/3/2014,118.779999,118.970001,118.629997,118.769997,6621700,115.855373
10/31/2014,119.309998,119.440002,119.029999,119.339996,1893700,116.084611
10/30/2014,119.449997,119.699997,119.300003,119.360001,2542000,116.104069
10/29/2014,119.440002,119.5,118.860001,119.279999,3574000,116.02625
10/28/2014,119.709999,119.75,119.440002,119.5,2212700,116.24025
10/27/2014,119.75,119.910004,119.660004,119.900002,1946500,116.62934
10/24/2014,119.68,119.949997,119.599998,119.75,1727800,116.48343
10/23/2014,119.699997,119.849998,119.449997,119.699997,1408400,116.434791
10/22/2014,119.93,120.019997,119.779999,119.93,957000,116.65852
10/21/2014,120,120.239998,119.949997,120.129997,1150000,116.853062
10/20/2014,120.279999,120.290001,119.970001,120.199997,1735300,116.921152
10/17/2014,120.059998,120.199997,119.75,119.980003,1537800,116.707159
10/16/2014,120.739998,120.790001,119.839996,120.029999,2229900,116.755791
10/15/2014,120.800003,122.43,120.129997,120.300003,3497900,117.01843
10/14/2014,120.089996,120.25,119.889999,120.209999,2826400,116.930881
10/13/2014,119.919998,120.18,119.800003,119.940002,1748200,116.66825
10/10/2014,119.599998,119.669998,119.410004,119.629997,1371400,116.366701
10/9/2014,119.730003,119.940002,119.510002,119.529999,1786200,116.26943
10/8/2014,119.599998,120.080002,119.230003,120.029999,2297900,116.755791
10/7/2014,119.279999,119.629997,119.160004,119.419998,1887900,116.16243
10/6/2014,118.910004,119.150002,118.870003,118.989998,1858400,115.74416
10/3/2014,118.57,118.949997,118.370003,118.93,2535800,115.685799
10/2/2014,118.599998,118.790001,118.370003,118.589996,1891200,115.355069
10/1/2014,118.309998,118.809998,118.25,118.599998,1973500,115.364799
9/30/2014,118.139999,118.419998,118.050003,118.220001,1716100,114.669304
9/29/2014,118.120003,118.230003,117.879997,118.050003,3628200,114.504411
9/26/2014,117.879997,118.139999,117.400002,118.099998,3295000,114.552905
9/25/2014,118.059998,118.440002,118.050003,118.360001,1375200,114.805098
9/24/2014,118.220001,118.239998,117.940002,118.010002,786700,114.465612
9/23/2014,118.169998,118.290001,118.059998,118.290001,904400,114.737201
9/22/2014,118.050003,118.169998,117.910004,118.099998,1729400,114.552905
9/19/2014,117.669998,118.019997,117.5,117.989998,739000,114.446208
9/18/2014,117.410004,117.580002,117.330002,117.529999,1521200,114.000025
9/17/2014,117.809998,117.910004,117.260002,117.32,1763300,113.796333
9/16/2014,117.669998,117.919998,117.580002,117.639999,1567600,114.106722
9/15/2014,117.889999,117.940002,117.610001,117.660004,3575600,114.126125
9/12/2014,117.860001,118.029999,117.599998,117.629997,1296900,114.09702
9/11/2014,118.389999,118.550003,118.199997,118.199997,1300200,114.6499
9/10/2014,118.239998,118.410004,118.199997,118.290001,1894800,114.737201
9/9/2014,118.690002,118.709999,118.470001,118.480003,1853400,114.921497
9/8/2014,119.209999,119.300003,118.769997,118.800003,1133000,115.231885
9/5/2014,119.260002,119.400002,118.889999,119,1557300,115.425875
9/4/2014,119.529999,119.660004,118.949997,118.980003,4901900,115.406479
9/3/2014,119.459999,119.830002,119.410004,119.830002,838300,116.230948
9/2/2014,119.739998,119.879997,119.580002,119.669998,3493400,116.07575
8/29/2014,120.43,120.68,120.389999,120.580002,1257900,116.630574
8/28/2014,120.5,120.599998,120.32,120.489998,1100200,116.543518
8/27/2014,120.099998,120.290001,120.019997,120.230003,1412400,116.29204
8/26/2014,120.050003,120.089996,119.849998,120.029999,730100,116.098586
8/25/2014,119.879997,119.949997,119.720001,119.949997,793300,116.021204
8/22/2014,119.610001,119.879997,119.339996,119.760002,1014500,115.837433
8/21/2014,119.389999,119.639999,119.379997,119.610001,1817900,115.692344
8/20/2014,119.43,119.470001,119.110001,119.199997,746700,115.29577
8/19/2014,119.739998,119.779999,119.300003,119.470001,1559000,115.55693
8/18/2014,119.68,119.739998,119.459999,119.550003,1624200,115.634312
8/15/2014,119.57,120.18,119.510002,119.82,1729500,115.895465
8/14/2014,119.459999,119.5,119.190002,119.400002,1694200,115.489223
8/13/2014,119.040001,119.330002,119,119.269997,2260600,115.363476
8/12/2014,119.199997,119.209999,118.980003,119.029999,1927400,115.131339
8/11/2014,119.139999,119.279999,119.019997,119.089996,770900,115.189372
8/8/2014,119.269997,119.410004,119,119.040001,1048300,115.141014
8/7/2014,118.940002,119.120003,118.790001,119.07,1839200,115.17003
8/6/2014,119.110001,119.120003,118.739998,118.760002,1799500,114.870186
8/5/2014,118.669998,118.989998,118.5,118.970001,2416200,115.073307
8/4/2014,118.870003,119.010002,118.720001,118.849998,1779300,114.957235
8/1/2014,118.129997,118.879997,118.080002,118.82,2763600,114.928219
7/31/2014,118.370003,118.730003,118.360001,118.550003,2121700,114.339169
7/30/2014,119.080002,119.18,118.699997,118.879997,1305800,114.657441
7/29/2014,119.529999,119.550003,119.279999,119.43,787500,115.187909
7/28/2014,119.410004,119.510002,119.230003,119.32,1290600,115.081815
7/25/2014,119.370003,119.459999,119.220001,119.459999,655400,115.216842
7/24/2014,119.110001,119.169998,118.980003,119,813400,114.773182
7/23/2014,119.459999,119.550003,119.410004,119.470001,1597800,115.226489
7/22/2014,119.309998,119.400002,119.18,119.330002,1017500,115.091462
7/21/2014,119.370003,119.470001,119.209999,119.239998,852600,115.004655
7/18/2014,119.349998,119.389999,119.07,119.239998,539300,115.004655
7/17/2014,119.18,119.489998,119.059998,119.400002,847900,115.158975
7/16/2014,118.790001,118.989998,118.690002,118.949997,963800,114.724955
7/15/2014,118.709999,119.040001,118.5,118.669998,791400,114.454901
7/14/2014,118.860001,118.93,118.730003,118.800003,690900,114.580289
7/11/2014,118.839996,119.110001,118.839996,119.050003,1259300,114.821409
7/10/2014,118.940002,118.970001,118.650002,118.68,524000,114.464548
7/9/2014,118.519997,118.870003,118.370003,118.769997,836700,114.551348
7/8/2014,118.489998,118.660004,118.459999,118.580002,1296400,114.368102
7/7/2014,118.019997,118.220001,117.949997,118.139999,1219200,113.943728
7/3/2014,117.760002,118,117.660004,117.93,648400,113.741188
7/2/2014,118.32,118.32,117.970001,118.050003,3278000,113.856928
7/1/2014,118.709999,118.849998,118.459999,118.470001,5448400,114.262008
6/30/2014,119.440002,119.459999,119.169998,119.260002,857200,114.705668
6/27/2014,119.519997,119.610001,119.370003,119.370003,729300,114.811468
6/26/2014,119.239998,119.519997,119.239998,119.389999,698700,114.830701
6/25/2014,119.43,119.43,119.139999,119.169998,827100,114.619101
6/24/2014,118.879997,119.059998,118.589996,119.050003,777600,114.503688
6/23/2014,118.699997,118.779999,118.489998,118.550003,833300,114.022782
6/20/2014,118.239998,118.610001,118.18,118.559998,1151900,114.032395
6/19/2014,118.889999,118.900002,118.209999,118.330002,610700,113.811183
6/18/2014,118.339996,118.75,118.169998,118.75,791400,114.215142
6/17/2014,118.370003,118.379997,118.059998,118.07,605200,113.56111
6/16/2014,118.400002,118.620003,118.379997,118.470001,732400,113.945836
6/13/2014,118.129997,118.589996,118.080002,118.480003,474700,113.955456
6/12/2014,118.18,118.599998,118.059998,118.5,964800,113.974689
6/11/2014,118.110001,118.279999,118.029999,118.120003,507500,113.609203
6/10/2014,118.07,118.169998,118,118.029999,758800,113.522636
6/9/2014,118.290001,118.330002,118.110001,118.25,1215400,113.734236
6/6/2014,118.440002,118.760002,118.370003,118.489998,1112700,113.965069
6/5/2014,118.040001,118.349998,117.910004,118.239998,801000,113.724616
6/4/2014,118.209999,118.230003,117.970001,117.989998,1263600,113.484163
6/3/2014,118.459999,118.489998,118.050003,118.050003,1431100,113.541877
6/2/2014,118.889999,119.080002,118.550003,118.589996,2652700,114.061249
5/30/2014,119.470001,119.690002,119.339996,119.589996,1045400,114.697968
5/29/2014,119.860001,120.129997,119.57,119.57,1325700,114.678789
5/28/2014,119.510002,119.919998,119.510002,119.919998,1430800,115.014471
5/27/2014,119.059998,119.349998,118.809998,119.349998,1062700,114.467788
5/23/2014,118.940002,119.040001,118.830002,118.93,582500,114.06497
5/22/2014,118.849998,118.870003,118.68,118.800003,605800,113.940291
5/21/2014,118.779999,118.889999,118.669998,118.839996,1397200,113.978648
5/20/2014,118.949997,119.32,118.949997,119.059998,1200100,114.18965
5/19/2014,119.349998,119.459999,118.970001,119.059998,726700,114.18965
5/16/2014,119.099998,119.360001,119.07,119.169998,821100,114.295151
5/15/2014,119.290001,119.559998,119.099998,119.309998,755100,114.429423
5/14/2014,118.860001,119.220001,118.839996,119.099998,1359000,114.228014
5/13/2014,118.349998,118.519997,118.300003,118.510002,961600,113.662153
5/12/2014,118.120003,118.199997,117.970001,118.07,1634400,113.240149
5/9/2014,118.339996,118.480003,118.230003,118.370003,1148100,113.52788
5/8/2014,118.580002,118.830002,118.370003,118.5,3351200,113.65256
5/7/2014,118.480003,118.580002,118.290001,118.470001,1869200,113.623788
5/6/2014,118.410004,118.550003,118.370003,118.449997,2251100,113.604602
5/5/2014,118.5,118.639999,118.239998,118.25,1879800,113.412787
5/2/2014,118.040001,118.68,117.940002,118.550003,862700,113.700517
5/1/2014,117.879997,118.32,117.82,118.300003,2193800,113.460744
4/30/2014,117.959999,118.279999,117.790001,118.150002,2123200,112.986954
4/29/2014,117.610001,117.870003,117.599998,117.82,1359500,112.671373
4/28/2014,117.940002,118.080002,117.699997,117.800003,1015500,112.652251
4/25/2014,118.040001,118.269997,117.940002,117.940002,1051500,112.786132
4/24/2014,117.739998,118.010002,117.699997,117.959999,1161000,112.805255
4/23/2014,117.769997,118.010002,117.760002,117.940002,1778900,112.786132
4/22/2014,117.449997,117.739998,117.400002,117.68,1385000,112.537492
4/21/2014,117.709999,117.790001,117.510002,117.620003,652500,112.480116
4/17/2014,118.120003,118.120003,117.419998,117.459999,1510500,112.327105
4/16/2014,117.769997,118.150002,117.75,118.139999,956300,112.977389
4/15/2014,117.839996,118.230003,117.769997,118.089996,1152500,112.929571
4/14/2014,117.849998,117.93,117.699997,117.839996,908600,112.690496
4/11/2014,118,118,117.760002,117.760002,1258200,112.613998
4/10/2014,117.480003,118.040001,117.389999,117.68,1401500,112.537492
4/9/2014,117.190002,117.589996,117.129997,117.519997,1675600,112.38448
4/8/2014,117.099998,117.419998,117.029999,117.419998,992600,112.288852
4/7/2014,116.989998,117.199997,116.959999,117.110001,1024500,111.992401
4/4/2014,116.739998,117.029999,116.720001,116.830002,989900,111.724638
4/3/2014,116.25,116.510002,116.25,116.370003,1012200,111.28474
4/2/2014,116.080002,116.260002,116.080002,116.150002,1236800,111.074353
4/1/2014,116.440002,116.529999,116.300003,116.309998,3416600,111.227357
3/31/2014,116.690002,116.970001,116.57,116.940002,1695700,111.504687
3/28/2014,117.019997,117.110001,116.830002,116.949997,816300,111.514217
3/27/2014,116.870003,117.260002,116.809998,117.040001,665500,111.600037
3/26/2014,116.620003,117.029999,116.599998,117.010002,955000,111.571433
3/25/2014,116.279999,116.599998,116.279999,116.559998,1352800,111.142344
3/24/2014,116.290001,116.660004,116.25,116.519997,1061300,111.104203
3/21/2014,116.07,116.389999,116.010002,116.300003,636100,110.894434
3/20/2014,115.730003,115.959999,115.709999,115.900002,2003400,110.513025
3/19/2014,116.529999,116.540001,115.690002,115.739998,1286700,110.360458
3/18/2014,116.25,116.580002,116.190002,116.580002,963500,111.161419
3/17/2014,116.360001,116.43,116.169998,116.220001,635800,110.818151
3/14/2014,116.699997,116.769997,116.370003,116.370003,797800,110.961181
3/13/2014,115.82,116.559998,115.82,116.5,1696400,111.085136
3/12/2014,116,116.139999,115.93,116.089996,1303800,110.694189
3/11/2014,115.690002,115.809998,115.610001,115.68,943800,110.303249
3/10/2014,115.699997,115.790001,115.620003,115.639999,1851400,110.265107
3/7/2014,115.949997,116,115.639999,115.82,1473800,110.436741
3/6/2014,116.139999,116.379997,116.120003,116.239998,1271000,110.837218
3/5/2014,116.57,116.849998,116.550003,116.589996,2869300,111.170949
3/4/2014,116.980003,117.040001,116.650002,116.650002,1075900,111.228165
3/3/2014,117.059998,117.290001,116.959999,117.279999,1292700,111.82888
2/28/2014,117.230003,117.360001,117.029999,117.32,1791900,111.537101
2/27/2014,117.290001,117.440002,117.260002,117.389999,964900,111.60365
2/26/2014,116.800003,117.199997,116.790001,117.190002,898200,111.413511
2/25/2014,116.629997,116.809998,116.449997,116.809998,787300,111.052238
2/24/2014,116.410004,116.459999,116.230003,116.360001,703600,110.624422
2/21/2014,116.059998,116.339996,116.040001,116.300003,711000,110.567382
2/20/2014,116.190002,116.309998,116,116.18,1148800,110.453294
2/19/2014,116.699997,116.699997,116.260002,116.330002,1556900,110.595902
2/18/2014,116.349998,116.650002,116.290001,116.459999,1034400,110.719491
2/14/2014,116.120003,116.220001,115.980003,116.220001,1063900,110.491323
2/13/2014,116.040001,116.099998,115.849998,116,1125500,110.282166
2/12/2014,115.699997,115.720001,115.459999,115.519997,971500,109.825823
2/11/2014,115.870003,115.93,115.709999,115.870003,2288900,110.158577
2/10/2014,115.93,116.120003,115.879997,116.110001,1048800,110.386745
2/7/2014,115.830002,116.169998,115.779999,116.059998,1076900,110.339206
2/6/2014,115.75,115.830002,115.620003,115.699997,853500,109.996951
2/5/2014,116,116.010002,115.779999,115.809998,3226900,110.101529
2/4/2014,116.330002,116.339996,116.099998,116.18,2015000,110.453294
2/3/2014,115.889999,116.75,115.830002,116.739998,6064600,110.985688
1/31/2014,116.050003,116.339996,116.010002,116.339996,1427400,110.274563
1/30/2014,115.830002,116.019997,115.669998,115.989998,1821900,109.942812
1/29/2014,115.720001,115.989998,115.580002,115.93,2105500,109.885942
1/28/2014,115.400002,115.699997,115.300003,115.699997,2420900,109.66793
1/27/2014,115.269997,115.589996,115.139999,115.139999,1979600,109.137129
1/24/2014,115.489998,115.629997,115.269997,115.360001,1681100,109.34566
1/23/2014,115.220001,115.599998,115.199997,115.440002,1597600,109.421491
1/22/2014,115.160004,115.290001,114.989998,115,1687800,109.004428
1/21/2014,115.269997,115.400002,115.269997,115.279999,1114100,109.269829
1/17/2014,115.190002,115.440002,115.110001,115.440002,1766000,109.421491
1/16/2014,115.220001,115.32,115.169998,115.309998,1372300,109.298264
1/15/2014,114.800003,115.089996,114.739998,115.040001,1495000,109.042344
1/14/2014,115.199997,115.300003,115,115.010002,1529100,109.013909
1/13/2014,115.230003,115.449997,115.169998,115.349998,2109900,109.336179
1/10/2014,114.910004,115.25,114.889999,115.129997,1736900,109.127648
1/9/2014,114.400002,114.510002,114.18,114.510002,1216000,108.539976
1/8/2014,114.5,114.529999,114.150002,114.25,1067000,108.29353
1/7/2014,114.919998,114.940002,114.660004,114.739998,1086500,108.757981
1/6/2014,114.739998,114.889999,114.650002,114.830002,1171700,108.843293
1/3/2014,114.220001,114.739998,114.220001,114.580002,1695800,108.606327
1/2/2014,114.290001,114.459999,114.110001,114.410004,1887700,108.445191
12/31/2013,114.300003,114.489998,114.019997,114.190002,1658600,108.23666
12/30/2013,114.199997,114.489998,114.199997,114.480003,2790000,108.511542
12/27/2013,114.080002,114.239998,114.040001,114.139999,2463600,108.189264
12/26/2013,114.169998,114.389999,114.169998,114.239998,2268000,108.284049
12/24/2013,114.519997,115,114.510002,114.669998,1003500,108.361774
12/23/2013,114.82,115.040001,114.690002,114.699997,1204900,108.390122
12/20/2013,114.660004,114.879997,114.510002,114.879997,1269700,108.56022
12/19/2013,114.190002,114.5,114.169998,114.349998,2493300,108.059378
12/18/2013,114.330002,114.900002,114.040001,114.519997,1946900,108.220024
12/17/2013,114.089996,114.519997,114.089996,114.519997,1500800,108.220024
12/16/2013,114.279999,114.349998,114.059998,114.18,1593500,107.898732
12/13/2013,113.989998,114.129997,113.82,114.089996,904000,107.813679
12/12/2013,113.860001,113.919998,113.709999,113.779999,877300,107.520735
12/11/2013,114.199997,114.290001,113.940002,113.970001,1087800,107.700285
12/10/2013,114.169998,114.309998,113.989998,114.290001,1171600,108.002681
12/9/2013,113.660004,113.849998,113.660004,113.830002,590100,107.567987
12/6/2013,113.43,113.690002,113.339996,113.660004,737400,107.407341
12/5/2013,113.389999,113.589996,113.239998,113.419998,1234400,107.180539
12/4/2013,113.419998,113.720001,113.419998,113.669998,1705000,107.416786
12/3/2013,113.889999,114.139999,113.889999,114.040001,1164500,107.766434
12/2/2013,114.099998,114.199997,113.739998,113.75,5714000,107.492386
11/29/2013,114.370003,114.75,114.339996,114.660004,741200,108.004574
11/27/2013,114.599998,114.809998,114.279999,114.75,2387900,108.089347
11/26/2013,114.519997,114.779999,114.519997,114.730003,1044500,108.070511
11/25/2013,114.269997,114.540001,114.269997,114.5,1189200,107.853858
11/22/2013,114.029999,114.300003,114,114.300003,1190900,107.66547
11/21/2013,113.589996,113.93,113.330002,113.900002,3320600,107.288686
11/20/2013,114.139999,114.440002,113.519997,113.68,1881300,107.081455
11/19/2013,114.360001,114.459999,114.169998,114.169998,914200,107.543011
11/18/2013,114.120003,114.57,114.120003,114.57,3003900,107.919794
11/15/2013,114.080002,114.150002,113.93,114.059998,1451200,107.439395
11/14/2013,113.739998,114.139999,113.660004,114.059998,1355100,107.439395
11/13/2013,113.330002,113.57,113.300003,113.440002,4339700,106.855388
11/12/2013,113.040001,113.220001,113,113.18,2301900,106.610477
11/11/2013,113.220001,113.279999,113.010002,113.099998,1241500,106.535119
11/8/2013,113.480003,113.510002,113.279999,113.290001,1634000,106.714093
11/7/2013,114.370003,114.489998,114.209999,114.410004,1337000,107.769085
11/6/2013,114.230003,114.239998,114.080002,114.18,1060000,107.552432
11/5/2013,114.330002,114.330002,113.919998,114.050003,1264700,107.429981
11/4/2013,114.660004,114.790001,114.519997,114.540001,772400,107.891537
11/1/2013,114.809998,114.93,114.290001,114.510002,1965300,107.863279
10/31/2013,115.449997,115.5,115.089996,115.199997,1072800,108.155275
10/30/2013,115.589996,115.75,115.080002,115.360001,1436200,108.305494
10/29/2013,115.349998,115.599998,115.260002,115.589996,1584300,108.521425
10/28/2013,115.260002,115.519997,115.25,115.43,2958700,108.371213
10/25/2013,115.309998,115.529999,115.300003,115.32,708700,108.267939
10/24/2013,115.559998,115.639999,115.269997,115.330002,1500200,108.27733
10/23/2013,115.470001,115.669998,115.410004,115.449997,1514800,108.389987
10/22/2013,115.309998,115.489998,115.260002,115.480003,1372100,108.418159
10/21/2013,115.010002,115.18,114.739998,114.779999,1031400,107.760961
10/18/2013,115.099998,115.269997,114.989998,115.080002,1071200,108.042618
10/17/2013,114.410004,115,114.339996,114.93,2697900,107.901789
10/16/2013,113.260002,114.150002,113.209999,114.089996,1395200,107.113153
10/15/2013,113.57,113.580002,113.199997,113.25,1430400,106.324525
10/14/2013,113.510002,113.639999,113.110001,113.230003,525100,106.305751
10/11/2013,113.68,113.809998,113.529999,113.580002,3275900,106.634346
10/10/2013,113.089996,113.489998,113.019997,113.43,1978400,106.493518
10/9/2013,113.43,113.529999,113.209999,113.269997,1017300,106.343298
10/8/2013,113.480003,113.620003,113.279999,113.510002,1667900,106.568627
10/7/2013,113.459999,113.690002,113.43,113.529999,1374600,106.587401
10/4/2013,113.290001,113.43,113.190002,113.330002,569300,106.399634
10/3/2013,113.290001,113.629997,113.290001,113.440002,1411600,106.502908
10/2/2013,113.199997,113.559998,113.190002,113.379997,910300,106.446572
10/1/2013,113.07,113.18,112.93,113.040001,3172400,106.127367
9/30/2013,113.599998,113.779999,113.419998,113.519997,1800800,106.234396
9/27/2013,113.75,113.849998,113.660004,113.769997,1194100,106.468352
9/26/2013,113.730003,113.949997,113.730003,113.860001,921300,106.552579
9/25/2013,113.720001,114.18,113.629997,114.139999,1931100,106.814608
9/24/2013,113.620003,113.93,113.400002,113.790001,2576200,106.487072
9/23/2013,112.889999,113.519997,112.889999,113.5,3719000,106.215683
9/20/2013,112.93,113.089996,112.75,112.830002,1089700,105.588685
9/19/2013,113.400002,113.559998,112.660004,112.730003,5030300,105.495104
9/18/2013,111.699997,113.709999,111.419998,113.449997,5100000,106.168889
9/17/2013,111.68,111.839996,111.559998,111.809998,1020100,104.634143
9/16/2013,112.419998,112.440002,111.440002,111.510002,2311100,104.353401
9/13/2013,111.339996,111.540001,111.32,111.379997,1255400,104.23174
9/12/2013,111.599998,111.760002,111.230003,111.309998,1860200,104.166233
9/11/2013,111.110001,111.389999,110.82,111.389999,2301300,104.2411
9/10/2013,111.040001,111.32,110.82,110.870003,2115900,103.754476
9/9/2013,111.459999,111.599998,111.269997,111.360001,1615600,104.213027
9/6/2013,111.410004,111.650002,110.989998,111.07,1960600,103.941638
9/5/2013,111.389999,111.419998,110.730003,110.910004,2703800,103.79191
9/4/2013,112.269997,112.370003,111.790001,111.830002,2335000,104.652864
9/3/2013,112,112.269997,111.510002,112.239998,5473600,105.036547
8/30/2013,113,113.290001,112.809998,113.050003,1668800,105.452052
8/29/2013,112.650002,113.07,112.519997,113.050003,2273100,105.452052
8/28/2013,112.739998,112.940002,112.550003,112.940002,2488300,105.349444
8/27/2013,112.510002,112.970001,112.449997,112.919998,2398500,105.330784
8/26/2013,112.32,112.470001,112.260002,112.440002,1385700,104.883049
8/23/2013,111.43,112.220001,111.379997,112.209999,2327600,104.668503
8/22/2013,111.050003,111.5,111.050003,111.459999,2507700,103.96891
8/21/2013,111.410004,111.660004,110.889999,110.949997,2310800,103.493184
8/20/2013,111.290001,111.739998,111.290001,111.620003,2100500,104.11816
8/19/2013,111.32,111.440002,110.93,110.940002,4884400,103.483862
8/16/2013,112.07,112.209999,111.360001,111.550003,2469000,104.052865
8/15/2013,112.089996,112.419998,111.989998,112.110001,1793800,104.575226
8/14/2013,113.019997,113.150002,112.870003,112.910004,1723700,105.321462
8/13/2013,113.279999,113.410004,113,113.099998,1221600,105.498687
8/12/2013,114.080002,114.18,113.849998,113.910004,1042800,106.254253
8/9/2013,114.019997,114.080002,113.75,113.970001,539600,106.310218
8/8/2013,113.910004,114.169998,113.889999,113.970001,960900,106.310218
8/7/2013,113.610001,113.860001,113.589996,113.730003,946000,106.08635
8/6/2013,113.360001,113.599998,113.279999,113.480003,1047200,105.853152
8/5/2013,113.68,113.830002,113.379997,113.410004,3111500,105.787857
8/2/2013,113.650002,113.970001,113.620003,113.839996,1772000,106.188951
8/1/2013,113.949997,113.949997,113.120003,113.279999,1845700,105.66659
7/31/2013,113.879997,114.650002,113.699997,114.540001,2282100,106.515436
7/30/2013,114.720001,114.779999,114.360001,114.529999,1331900,106.506135
7/29/2013,114.540001,114.68,114.440002,114.5,2211900,106.478238
7/26/2013,114.669998,114.790001,114.489998,114.690002,1022700,106.654929
7/25/2013,114.18,114.57,114.129997,114.57,2109200,106.543333
7/24/2013,114.720001,114.879997,114.290001,114.709999,1960700,106.673524
7/23/2013,115.129997,115.379997,115.010002,115.269997,827300,107.194289
7/22/2013,115.32,115.470001,115.290001,115.449997,2235900,107.361679
7/19/2013,114.769997,115.209999,114.730003,115.190002,2734900,107.119899
7/18/2013,114.949997,114.949997,114.419998,114.559998,1119900,106.534032
7/17/2013,114.879997,115.150002,114.739998,114.860001,1248400,106.813017
7/16/2013,114.529999,114.599998,114.290001,114.43,1625900,106.413142
7/15/2013,114.089996,114.620003,113.949997,114.599998,3308200,106.57123
7/12/2013,114.32,114.5,113.739998,113.870003,2008800,105.892377
7/11/2013,113.860001,114.199997,113.599998,114.190002,2179100,106.189958
7/10/2013,113.260002,113.449997,112.800003,112.860001,2908800,104.953135
7/9/2013,113.050003,113.510002,113.050003,113.190002,4037000,105.260017
7/8/2013,112.540001,113.089996,112.540001,113.089996,3096700,105.167017
7/5/2013,112.18,112.43,111.699997,112.169998,2500100,104.311473
7/3/2013,113.900002,114.080002,113.57,113.610001,2132000,105.650591
7/2/2013,113.809998,114.169998,113.660004,113.940002,2214800,105.957473
7/1/2013,113.080002,113.940002,113.080002,113.580002,2849900,105.622694
6/28/2013,113.129997,113.699997,112.879997,113.650002,2960300,105.350217
6/27/2013,113.239998,113.790001,113.239998,113.720001,1544800,105.415105
6/26/2013,112.75,113,112.510002,112.699997,2010000,104.469591
6/25/2013,112.190002,112.470001,111.660004,111.849998,3653200,103.681667
6/24/2013,111.43,112.099998,110.910004,111.480003,6063600,103.338692
6/21/2013,113.260002,113.480003,112.199997,112.209999,4107600,104.015377
6/20/2013,113.870003,113.889999,112.790001,113.139999,6649600,104.87746
6/19/2013,116.5,116.559998,114.669998,114.720001,2823000,106.342075
6/18/2013,116.279999,116.559998,116.160004,116.370003,1748400,107.871578
6/17/2013,116.910004,117.110001,116.550003,116.599998,1868600,108.084778
6/14/2013,116.93,117.150002,116.739998,116.769997,1283900,108.242361
6/13/2013,115.839996,116.910004,115.790001,116.849998,2474400,108.31652
6/12/2013,115.800003,116.099998,115.5,115.610001,3469000,107.167079
6/11/2013,115.5,116.050003,115.230003,116.010002,3983700,107.537868
6/10/2013,116.220001,116.480003,116.07,116.230003,2911100,107.741803
6/7/2013,116.889999,117.199997,116.389999,116.589996,3159800,108.075506
6/6/2013,116.57,117.459999,116.419998,117.050003,2500000,108.501919
6/5/2013,116.809998,117,116.480003,116.550003,4575200,108.038433
6/4/2013,116.949997,117.25,116.709999,116.720001,3726500,108.196017
6/3/2013,117.25,117.75,116.93,117.18,10863900,108.622422
5/31/2013,118.32,118.449997,117.480003,117.849998,4297500,108.908855
5/30/2013,118.32,118.599998,118.25,118.440002,1759000,109.454096
5/29/2013,118.410004,118.580002,118.150002,118.290001,3574100,109.315475
5/28/2013,119.330002,119.489998,118.330002,118.339996,1683700,109.361678
5/24/2013,119.639999,119.809998,119.459999,119.489998,1090900,110.42443
5/23/2013,119.730003,119.809998,119.230003,119.57,2568500,110.498362
5/22/2013,120.419998,120.599998,119.440002,119.449997,2886300,110.387464
5/21/2013,119.910004,120.410004,119.730003,120.400002,2007700,111.265392
5/20/2013,120.230003,120.309998,119.870003,119.949997,2097100,110.849529
5/17/2013,120.5,120.550003,120.040001,120.089996,909500,110.978907
5/16/2013,120.279999,120.75,120.279999,120.610001,2916500,111.459459
5/15/2013,120.129997,120.150002,119.669998,120.059998,2081600,110.951184
5/14/2013,120.230003,120.309998,119.610001,119.639999,2325000,110.563051
5/13/2013,120.029999,120.160004,119.900002,119.959999,2498400,110.858773
5/10/2013,120.860001,120.860001,120.050003,120.269997,2808200,111.145251
5/9/2013,121.150002,121.410004,120.900002,120.900002,825800,111.727458
5/8/2013,121.019997,121.269997,120.959999,121.160004,2379000,111.967734
5/7/2013,121.050003,121.260002,120.989998,121.050003,3886100,111.866079
5/6/2013,121.300003,121.400002,121.080002,121.139999,1839300,111.949248
5/3/2013,121.889999,121.889999,121.150002,121.160004,2882200,111.967734
5/2/2013,122.089996,122.400002,122.089996,122.309998,1799000,113.030479
5/1/2013,121.949997,122.389999,121.949997,122.309998,4063500,113.030479
4/30/2013,122.32,122.57,122.099998,122.129997,2347500,112.529598
4/29/2013,122.540001,122.550003,122.300003,122.339996,875700,112.723089
4/26/2013,122.150002,122.349998,122.150002,122.330002,1294500,112.713881
4/25/2013,121.910004,122.019997,121.830002,121.889999,1067100,112.308466
4/24/2013,121.860001,122.040001,121.809998,121.959999,1366900,112.372963
4/23/2013,121.910004,122.089996,121.809998,121.910004,1659700,112.326898
4/22/2013,121.75,121.809998,121.669998,121.75,1271500,112.179472
4/19/2013,121.620003,121.769997,121.470001,121.709999,877900,112.142615
4/18/2013,121.449997,121.660004,121.449997,121.529999,1656700,111.976764
4/17/2013,121.32,121.629997,121.32,121.419998,1373200,111.875411
4/16/2013,121.25,121.370003,121.230003,121.25,1629800,111.718776
4/15/2013,121.400002,121.529999,121.32,121.470001,1024800,111.921483
4/12/2013,121.199997,121.5,121.050003,121.43,1358900,111.884626
4/11/2013,120.879997,120.980003,120.760002,120.830002,1496900,111.331793
4/10/2013,120.800003,120.949997,120.660004,120.75,2181600,111.25808
4/9/2013,121.019997,121.18,120.980003,121.07,3157000,111.552925
4/8/2013,121,121.040001,120.889999,120.949997,2276800,111.442355
4/5/2013,120.839996,121.050003,120.739998,120.839996,3268500,111.341002
4/4/2013,119.959999,120.489998,119.959999,120.470001,2660900,111.000091
4/3/2013,119.519997,119.830002,119.489998,119.830002,1421000,110.410401
4/2/2013,119.43,119.470001,119.279999,119.349998,1319200,109.968129
4/1/2013,119.419998,119.769997,119.290001,119.360001,5877400,109.977345
3/28/2013,119.739998,119.940002,119.730003,119.900002,1874300,110.135828
3/27/2013,119.650002,120.050003,119.650002,119.970001,1847200,110.200127
3/26/2013,119.279999,119.57,119.260002,119.550003,918000,109.814332
3/25/2013,119.370003,119.580002,119.25,119.470001,1089700,109.740845
3/22/2013,119.400002,119.620003,119.339996,119.470001,997900,109.740845
3/21/2013,119.580002,119.599998,119.32,119.459999,1854000,109.731657
3/20/2013,119.43,119.580002,119.330002,119.339996,1905100,109.621427
3/19/2013,119.589996,119.82,119.57,119.690002,1354600,109.94293
3/18/2013,119.410004,119.519997,119.330002,119.489998,1665700,109.759213
3/15/2013,118.980003,119.290001,118.980003,119.199997,1188500,109.492829
3/14/2013,118.830002,119.129997,118.82,119.040001,1669600,109.345862
3/13/2013,118.889999,119.110001,118.889999,118.989998,1958600,109.299931
3/12/2013,118.989998,119.169998,118.949997,119.099998,3172900,109.400974
3/11/2013,118.779999,118.959999,118.779999,118.860001,2632500,109.18052
3/8/2013,118.870003,119.029999,118.650002,118.779999,2526900,109.107033
3/7/2013,119.290001,119.400002,119.199997,119.199997,1964000,109.492829
3/6/2013,119.639999,119.809998,119.540001,119.589996,1014700,109.851068
3/5/2013,120.139999,120.150002,119.849998,119.940002,1395400,110.172571
3/4/2013,120.190002,120.230003,120.040001,120.139999,1733400,110.356281
3/1/2013,120.120003,120.290001,119.989998,120.230003,1363700,110.438955
2/28/2013,120.389999,120.389999,120.110001,120.330002,2231100,110.187268
2/27/2013,120.519997,120.580002,120.169998,120.290001,941400,110.150639
2/26/2013,120.32,120.589996,120.260002,120.330002,1574100,110.187268
2/25/2013,119.419998,120.529999,119.410004,120.480003,2643500,110.324626
2/22/2013,119.760002,119.849998,119.669998,119.769997,1914300,109.674466
2/21/2013,119.68,119.82,119.610001,119.690002,3578100,109.601215
2/20/2013,119.160004,119.519997,119.160004,119.5,1369800,109.427228
2/19/2013,119.370003,119.599998,119.209999,119.300003,1842300,109.244089
2/15/2013,119.379997,119.419998,119.199997,119.330002,1363600,109.271559
2/14/2013,119.080002,119.459999,119.07,119.379997,3180500,109.31734
2/13/2013,118.93,119.169998,118.93,119.050003,2317800,109.015161
2/12/2013,119.169998,119.449997,119.160004,119.330002,1520200,109.271559
2/11/2013,119.480003,119.519997,119.410004,119.449997,749100,109.381439
2/8/2013,119.400002,119.510002,119.169998,119.510002,1496700,109.436387
2/7/2013,119.120003,119.5,119.110001,119.25,1680000,109.1983
2/6/2013,119.080002,119.279999,118.959999,119.209999,1970200,109.161671
2/5/2013,118.919998,119.080002,118.870003,118.900002,2814700,108.877804
2/4/2013,118.980003,119.300003,118.970001,119.139999,2581400,109.097572
2/1/2013,119.440002,119.650002,118.730003,118.739998,4589000,108.731287
1/31/2013,119.43,119.480003,119.239998,119.419998,2804100,109.014242
1/30/2013,119.389999,119.599998,119.220001,119.330002,3009300,108.932088
1/29/2013,119.769997,120.050003,119.620003,119.730003,1424100,109.297235
1/28/2013,119.699997,120.029999,119,120,2434200,109.543705
1/25/2013,120.440002,120.440002,120.029999,120.099998,2434600,109.63499
1/24/2013,120.760002,120.800003,120.580002,120.650002,1873600,110.137068
1/23/2013,120.849998,120.940002,120.760002,120.82,2446600,110.292253
1/22/2013,120.519997,120.779999,120.379997,120.669998,1730300,110.155322
1/18/2013,120.559998,120.790001,120.480003,120.669998,2704400,110.155322
1/17/2013,120.57,120.610001,120.300003,120.550003,2225700,110.045783
1/16/2013,120.839996,120.940002,120.709999,120.760002,4199900,110.237484
1/15/2013,120.989998,121.139999,120.669998,120.760002,3042900,110.237484
1/14/2013,121.190002,121.190002,120.830002,120.860001,1569400,110.328769
1/11/2013,120.75,121.110001,120.660004,121.099998,758200,110.547854
1/10/2013,120.639999,120.970001,120.629997,120.879997,1439900,110.347023
1/9/2013,120.980003,121,120.790001,120.82,1867600,110.292253
1/8/2013,120.800003,120.940002,120.760002,120.860001,2534900,110.328769
1/7/2013,120.690002,120.800003,120.510002,120.75,3832600,110.228353
1/4/2013,120.57,120.650002,120.260002,120.550003,4663300,110.045783
1/3/2013,121.139999,121.18,120.559998,120.610001,3207900,110.100553
1/2/2013,120.959999,121.309998,120.809998,121.269997,4058400,110.703039
12/31/2012,121.410004,121.5,120.900002,120.989998,1867700,110.447439
12/28/2012,121.5,121.629997,121.410004,121.629997,1894500,111.031671
12/27/2012,121,121.419998,120.970001,121.360001,1556900,110.785201
12/26/2012,121.120003,121.139999,120.949997,120.970001,1642000,110.429184
12/24/2012,121.080002,121.279999,121.059998,121.160004,1902500,110.272173
12/21/2012,121.190002,121.330002,121.089996,121.239998,2649700,110.344979
12/20/2012,121.120003,121.25,120.940002,121.029999,2545200,110.153851
12/19/2012,120.650002,120.949997,120.650002,120.910004,3112200,110.044639
12/18/2012,120.870003,120.889999,120.300003,120.440002,2278500,109.616874
12/17/2012,121.139999,121.199997,120.739998,120.739998,1983300,109.88991
12/14/2012,121.160004,121.290001,121.099998,121.129997,2844200,110.244863
12/13/2012,121.029999,121.220001,120.870003,121.040001,3635100,110.162954
12/12/2012,121.589996,121.800003,121.150002,121.230003,2390900,110.335882
12/11/2012,122,122.019997,121.559998,121.599998,2365400,110.672629
12/10/2012,122.099998,122.150002,121.970001,122.050003,2290200,111.082194
12/7/2012,122.050003,122.089996,121.93,121.940002,1947300,110.982079
12/6/2012,122.330002,122.480003,122.199997,122.230003,2737400,111.246019
12/5/2012,122.110001,122.309998,122.019997,122.25,1943900,111.264219
12/4/2012,122.040001,122.099998,121.889999,122,2387600,111.036685
12/3/2012,121.730003,121.989998,121.529999,121.889999,3859100,110.936569
11/30/2012,122.279999,122.370003,122.099998,122.129997,2129200,110.8137
11/29/2012,122.139999,122.209999,122.050003,122.139999,1052700,110.822775
11/28/2012,122.160004,122.300003,122.019997,122.050003,1479700,110.741118
11/27/2012,121.970001,122.150002,121.970001,122.07,2243300,110.759262
11/26/2012,122,122.18,121.910004,122,2412300,110.695748
11/23/2012,121.800003,121.940002,121.75,121.800003,929000,110.514282
11/21/2012,121.639999,121.800003,121.550003,121.75,2263700,110.468912
11/20/2012,121.980003,122.040001,121.629997,121.660004,3229500,110.387255
11/19/2012,121.57,122.07,121.550003,122.040001,2385000,110.732042
11/16/2012,121.629997,121.849998,121.599998,121.660004,2181100,110.387255
11/15/2012,121.529999,121.709999,121.519997,121.620003,2218400,110.35096
11/14/2012,121.379997,121.93,121.379997,121.860001,2445600,110.56872
11/13/2012,121.849998,121.980003,121.550003,121.610001,1849500,110.341885
11/12/2012,121.540001,121.779999,121.5,121.559998,991500,110.296515
11/9/2012,121.690002,121.830002,121.379997,121.540001,2850300,110.278371
11/8/2012,121.900002,122,121.599998,121.839996,3176500,110.55057
11/7/2012,122.410004,122.449997,121.959999,121.959999,1585400,110.659453
11/6/2012,122.110001,122.230003,121.650002,121.709999,1459400,110.432618
11/5/2012,122.260002,122.510002,122.260002,122.300003,2073200,110.967953
11/2/2012,122.389999,122.489998,122.029999,122.239998,1940300,110.913508
11/1/2012,122.589996,122.769997,122.389999,122.480003,1953700,111.131275
10/31/2012,122.940002,123.18,122.690002,123.019997,1286500,111.621234
10/26/2012,122.370003,122.660004,122.220001,122.639999,1206500,111.276446
10/25/2012,122.239998,122.43,122,122.040001,1511200,110.732042
10/24/2012,122.610001,122.760002,122.370003,122.389999,2842400,111.049611
10/23/2012,122.400002,122.75,122.370003,122.720001,1188600,111.349035
10/22/2012,122.540001,122.709999,122.459999,122.510002,2030300,111.158494
10/19/2012,122.699997,123.010002,122.599998,122.800003,1716000,111.421624
10/18/2012,122.959999,123,122.5,122.580002,1541400,111.222008
10/17/2012,123.019997,123.150002,122.760002,122.809998,6454900,111.430693
10/16/2012,123.059998,123.199997,122.93,123.050003,2177900,111.64846
10/15/2012,122.790001,123.150002,122.730003,123.129997,2144800,111.721042
10/12/2012,122.760002,122.959999,122.660004,122.75,1712000,111.376254
10/11/2012,122.059998,122.690002,122.029999,122.610001,2165200,111.249227
10/10/2012,121.889999,122.360001,121.760002,122.209999,2418400,110.886289
10/9/2012,121.650002,122.220001,121.650002,121.989998,3132200,110.686672
10/8/2012,121.860001,121.949997,121.730003,121.860001,715300,110.56872
10/5/2012,121.57,121.690002,121.5,121.540001,1711500,110.278371
10/4/2012,121.730003,121.919998,121.669998,121.730003,1710500,110.450769
10/3/2012,121.650002,121.830002,121.529999,121.830002,6193600,110.541501
10/2/2012,121.589996,121.790001,121.559998,121.75,2188900,110.468912
10/1/2012,121.669998,121.760002,121.400002,121.709999,3318000,110.432618
9/28/2012,121.75,121.910004,121.559998,121.769997,2519100,110.138633
9/27/2012,121.519997,121.739998,121.43,121.5,1720200,109.894426
9/26/2012,121.260002,121.57,121.199997,121.559998,1162900,109.948693
9/25/2012,121.010002,121.220001,120.830002,121.220001,3287800,109.641173
9/24/2012,120.970001,121.029999,120.839996,120.980003,1191700,109.424099
9/21/2012,120.529999,120.860001,120.449997,120.800003,1305900,109.261292
9/20/2012,120.980003,121.059998,120.550003,120.580002,1165200,109.062306
9/19/2012,120.830002,120.940002,120.650002,120.68,1237400,109.152752
9/18/2012,120.489998,120.650002,120.32,120.480003,1563000,108.971859
9/17/2012,120.029999,120.339996,119.919998,120.110001,898100,108.637198
9/14/2012,120.099998,120.099998,119.360001,119.699997,3164800,108.266358
9/13/2012,120.019997,120.589996,119.650002,120.419998,3618500,108.917585
9/12/2012,119.779999,119.830002,119.57,119.779999,1334800,108.338718
9/11/2012,120,120.120003,119.800003,120.019997,2641500,108.555792
9/10/2012,119.93,120.010002,119.720001,119.919998,1075900,108.465345
9/7/2012,120.599998,120.620003,119.900002,119.93,2192700,108.474392
9/6/2012,119.849998,119.919998,119.610001,119.68,2078500,108.248271
9/5/2012,120.150002,120.800003,120.059998,120.209999,817600,108.727645
9/4/2012,120.559998,120.57,120.050003,120.160004,3788800,108.682425
8/31/2012,120.040001,120.830002,120.040001,120.830002,1766500,108.9402
8/30/2012,120.059998,120.129997,119.949997,120,1888000,108.191872
8/29/2012,120.190002,120.190002,119.879997,119.959999,1777000,108.155807
8/28/2012,120.190002,120.279999,120.059998,120.209999,908300,108.381207
8/27/2012,120.150002,120.260002,120,120.040001,1879300,108.227936
8/24/2012,119.949997,119.949997,119.730003,119.889999,1335300,108.092695
8/23/2012,119.839996,119.910004,119.720001,119.760002,883300,107.97549
8/22/2012,119.449997,119.699997,119.190002,119.669998,2281400,107.894342
8/21/2012,118.760002,118.989998,118.480003,118.989998,2010000,107.281255
8/20/2012,118.269997,118.82,118.260002,118.790001,1813900,107.100938
8/17/2012,118.410004,118.790001,118.400002,118.459999,1734500,106.803408
8/16/2012,118.75,118.900002,118.129997,118.300003,1895700,106.659156
8/15/2012,119.029999,119.07,118.650002,118.650002,3995300,106.974714
8/14/2012,119.470001,119.470001,119.18,119.209999,1593600,107.479608
8/13/2012,119.959999,120.07,119.730003,119.75,1127000,107.966472
8/10/2012,120.089996,120.099998,119.790001,120,1482700,108.191872
8/9/2012,119.580002,119.769997,119.300003,119.660004,2496100,107.885331
8/8/2012,120.230003,120.269997,119.699997,119.739998,2310300,107.957454
8/7/2012,120.230003,120.339996,120,120.080002,4136600,108.264001
8/6/2012,120.720001,120.790001,120.599998,120.709999,1596300,108.832006
8/3/2012,120.540001,120.68,120.190002,120.550003,2259800,108.687754
8/2/2012,121,121.059998,120.199997,120.839996,1500000,108.949211
8/1/2012,120.660004,120.970001,120.400002,120.760002,2583100,108.877089
7/31/2012,121.050003,121.290001,120.839996,121.279999,1563500,108.998802
7/30/2012,120.220001,120.779999,120.220001,120.660004,2581500,108.44159
7/27/2012,120.559998,120.650002,119.739998,120.349998,2952200,108.162977
7/26/2012,120.730003,120.970001,120.730003,120.919998,1094600,108.675256
7/25/2012,120.690002,120.860001,120.540001,120.730003,2551400,108.504501
7/24/2012,120.220001,120.629997,120.169998,120.5,1333100,108.297789
7/23/2012,120.720001,120.800003,120.25,120.309998,1328000,108.127026
7/20/2012,120.800003,120.919998,120.660004,120.699997,1144600,108.477533
7/19/2012,120.410004,120.870003,120.410004,120.610001,3499900,108.39665
7/18/2012,120.120003,120.489998,120.07,120.400002,2351900,108.207916
7/17/2012,119.769997,119.900002,119.529999,119.739998,2479000,107.614747
7/16/2012,119.830002,119.860001,119.589996,119.739998,750100,107.614747
7/13/2012,119.32,119.519997,119.050003,119.410004,1634700,107.318169
7/12/2012,118.949997,119.410004,118.82,119.370003,1716700,107.282218
7/11/2012,118.800003,119.110001,118.75,118.769997,1210000,106.742971
7/10/2012,118.769997,118.860001,118.57,118.57,1385600,106.563226
7/9/2012,118.410004,118.760002,118.379997,118.599998,1119500,106.590187
7/6/2012,118.389999,118.57,118.019997,118.519997,1533100,106.518287
7/5/2012,117.980003,118.339996,117.93,118.220001,1982300,106.24867
7/3/2012,117.860001,117.989998,117.739998,117.919998,808800,105.979046
7/2/2012,117.580002,118,117.449997,117.82,2310500,105.889174
6/29/2012,117.5,117.809998,117.400002,117.589996,2348600,105.330158
6/28/2012,117.68,117.860001,117.610001,117.620003,2286500,105.357036
6/27/2012,117.489998,117.610001,117.32,117.440002,2352100,105.195803
6/26/2012,117.089996,117.419998,117.019997,117.279999,1642300,105.052481
6/25/2012,117.120003,117.339996,116.959999,117.160004,1702300,104.944996
6/22/2012,116.940002,117.120003,116.800003,116.860001,1245600,104.676271
6/21/2012,116.980003,117.269997,116.919998,116.949997,2229400,104.756885
6/20/2012,116.660004,116.980003,116.480003,116.769997,2579000,104.595651
6/19/2012,116.970001,117.309998,116.669998,116.720001,2159200,104.550868
6/18/2012,116.959999,117,116.699997,116.830002,996800,104.6494
6/15/2012,116.75,116.959999,116.620003,116.879997,1347100,104.694183
6/14/2012,116.480003,116.559998,116.169998,116.400002,1574900,104.264231
6/13/2012,116.190002,116.550003,116.040001,116.540001,1333000,104.389634
6/12/2012,116.349998,116.43,115.93,116.120003,926300,104.013425
6/11/2012,116.459999,116.730003,116.279999,116.459999,1354200,104.317974
6/8/2012,116.559998,116.669998,116.199997,116.480003,1713000,104.335892
6/7/2012,115.889999,116.099998,115.730003,116.050003,2929700,103.950723
6/6/2012,116.269997,116.269997,115.57,115.809998,2499400,103.735741
6/5/2012,116.269997,116.489998,116.07,116.150002,2430900,104.040296
6/4/2012,116.75,116.910004,116.360001,116.400002,2643900,104.264231
6/1/2012,116.589996,117.300003,116.330002,117.290001,3800200,105.06144
5/31/2012,116.489998,117,116.25,116.970001,4629800,104.420091
5/30/2012,116.480003,116.57,116.129997,116.150002,1919500,103.688071
5/29/2012,115.980003,116.290001,115.949997,116.050003,2514200,103.598801
5/25/2012,115.68,115.910004,115.599998,115.879997,594000,103.447036
5/24/2012,115.589996,115.639999,115.43,115.589996,1212900,103.188149
5/23/2012,115.389999,115.800003,115.370003,115.57,1870700,103.170298
5/22/2012,115.379997,115.599998,115.220001,115.290001,1728300,102.920341
5/21/2012,115.470001,115.660004,115.25,115.599998,1387000,103.197078
5/18/2012,115.75,115.769997,115.389999,115.470001,1969000,103.081029
5/17/2012,116.389999,116.449997,115.900002,115.919998,2367900,103.482745
5/16/2012,116.309998,116.910004,116.220001,116.790001,2700500,104.259403
5/15/2012,117.059998,117.059998,116.620003,116.730003,2455300,104.205843
5/14/2012,117.059998,117.18,116.760002,116.879997,1925800,104.339744
5/11/2012,116.779999,117,116.75,116.849998,2977200,104.312964
5/10/2012,116.620003,116.68,116.300003,116.5,1600000,104.000517
5/9/2012,116.650002,116.989998,116.57,116.739998,2175700,104.214765
5/8/2012,116.75,117,116.620003,116.940002,1570700,104.393311
5/7/2012,116.5,116.699997,116.400002,116.650002,787200,104.134425
5/4/2012,116.480003,116.580002,116.440002,116.449997,686400,103.955879
5/3/2012,116.25,116.449997,116.110001,116.32,1356300,103.839829
5/2/2012,116.129997,116.290001,116.059998,116.25,2046500,103.77734
5/1/2012,116.389999,116.510002,115.830002,115.870003,2430700,103.438113
4/30/2012,116.68,116.760002,116.419998,116.480003,1733000,103.635404
4/27/2012,116.470001,116.599998,116.269997,116.550003,1601000,103.697684
4/26/2012,116.25,116.540001,116.239998,116.379997,1116300,103.546425
4/25/2012,115.849998,116.230003,115.75,116.190002,1709800,103.377382
4/24/2012,116.160004,116.209999,115.940002,115.989998,1988800,103.199432
4/23/2012,116.400002,116.410004,116.150002,116.199997,976400,103.386274
4/20/2012,116.080002,116.269997,115.93,116.18,663400,103.368483
4/19/2012,116.389999,116.400002,116.129997,116.209999,1141800,103.395173
4/18/2012,116.230003,116.279999,116.050003,116.129997,2663500,103.323994
4/17/2012,115.970001,116.169998,115.809998,116.150002,2229300,103.341792
4/16/2012,115.970001,116.290001,115.900002,116,2396800,103.208332
4/13/2012,115.699997,116.040001,115.699997,116,1012800,103.208332
4/12/2012,115.599998,115.699997,115.389999,115.449997,1400700,102.718979
4/11/2012,115.519997,115.580002,114.989998,115.400002,1311400,102.674497
4/10/2012,115.809998,115.809998,115.470001,115.519997,2263600,102.78126
4/9/2012,115.650002,115.739998,115.389999,115.589996,1026600,102.84354
4/5/2012,114.879997,115.129997,114.599998,114.839996,1646300,102.176245
4/4/2012,114.809998,114.989998,114.639999,114.650002,1620100,102.007201
4/3/2012,115.5,115.800003,114.389999,114.43,2724100,101.81146
4/2/2012,115.43,115.599998,115.160004,115.529999,6107600,102.790159
3/30/2012,116.099998,116.18,115.480003,115.629997,4285000,102.525904
3/29/2012,115.870003,116.040001,115.620003,115.910004,1632100,102.774178
3/28/2012,115.730003,116,115.519997,115.68,1666400,102.57024
3/27/2012,115.019997,115.949997,115.019997,115.900002,2904800,102.765309
3/26/2012,115.019997,115.279999,114.82,115.010002,1600200,101.976171
3/23/2012,114.919998,115.099998,114.760002,114.760002,2235200,101.754503
3/22/2012,114.82,114.839996,114.599998,114.669998,3073000,101.674699
3/21/2012,114.580002,114.900002,114.459999,114.860001,2112500,101.843169
3/20/2012,114.18,114.5,114.050003,114.339996,1825900,101.382096
3/19/2012,114.540001,114.629997,114.160004,114.410004,1961200,101.44417
3/16/2012,114.199997,114.589996,114,114.57,3390500,101.586034
3/15/2012,114.720001,115.120003,114.290001,114.400002,2035800,101.435301
3/14/2012,115.739998,115.739998,114.599998,114.650002,3067800,101.656969
3/13/2012,116.269997,116.400002,115.919998,116.029999,2230100,102.880574
3/12/2012,116.75,116.779999,116.339996,116.349998,2027900,103.164309
3/9/2012,116.529999,116.599998,116.269997,116.580002,1659400,103.368247
3/8/2012,116.720001,116.830002,116.529999,116.639999,1202400,103.421445
3/7/2012,116.68,116.849998,116.519997,116.620003,1410400,103.403714
3/6/2012,116.82,116.910004,116.5,116.669998,1682900,103.448044
3/5/2012,117.18,117.309998,116.690002,116.849998,1646400,103.607645
3/2/2012,117.029999,117.370003,117.010002,117.059998,1880600,103.793845
3/1/2012,116.940002,117.190002,116.790001,117.019997,2300600,103.758378
2/29/2012,117.599998,117.870003,117.400002,117.699997,1769800,104.003989
2/28/2012,117.5,117.800003,117.410004,117.589996,2136700,103.906789
2/27/2012,117.18,117.300003,116.970001,117.220001,1160200,103.579848
2/24/2012,116.830002,116.989998,116.529999,116.790001,2175100,103.199884
2/23/2012,116.449997,116.720001,116.220001,116.699997,1590800,103.120353
2/22/2012,116.169998,116.580002,115.940002,116.540001,2834500,102.978975
2/21/2012,116.169998,116.300003,115.82,115.82,1887500,102.342756
2/17/2012,115.959999,116.139999,115.830002,116.010002,1858600,102.510649
2/16/2012,116.43,116.43,116.019997,116.190002,1821400,102.669703
2/15/2012,116.650002,116.860001,116.349998,116.389999,1025100,102.846428
2/14/2012,116.519997,116.739998,116.400002,116.550003,1972900,102.987813
2/13/2012,116.5,116.529999,116.290001,116.459999,1061300,102.908282
2/10/2012,116.18,116.25,115.830002,116.059998,1776500,102.554826
2/9/2012,116.5,116.510002,115.980003,116.169998,2439000,102.652027
2/8/2012,116.470001,116.650002,116.32,116.540001,1651200,102.978975
2/7/2012,116.440002,116.559998,116.199997,116.419998,1061100,102.872936
2/6/2012,116.239998,116.839996,116.239998,116.639999,1141700,103.067337
2/3/2012,116.099998,116.389999,115.900002,116.339996,2148400,102.802243
2/2/2012,116.279999,116.57,116.199997,116.510002,2860600,102.952467
2/1/2012,116.080002,116.32,115.739998,116.269997,3195600,102.740389
1/31/2012,116.139999,116.379997,115.949997,116.199997,1504000,102.333035
1/30/2012,116.400002,116.410004,115.839996,115.860001,1325500,102.033613
1/27/2012,115.910004,116.209999,115.75,116.010002,1148400,102.165714
1/26/2012,115.629997,115.870003,115.510002,115.839996,1342800,102.015996
1/25/2012,114.610001,115.529999,114.389999,114.940002,1697600,101.223405
1/24/2012,114.239998,114.57,114.160004,114.550003,1321300,100.879947
1/23/2012,114.239998,114.400002,114.139999,114.139999,1129000,100.518872
1/20/2012,114.529999,114.610001,114.209999,114.309998,1140300,100.668583
1/19/2012,114.769997,114.93,114.419998,114.599998,1268300,100.923976
1/18/2012,115,115.040001,114.589996,114.629997,1643200,100.950395
1/17/2012,114.779999,114.889999,114.610001,114.860001,1689000,101.15295
1/13/2012,114.440002,114.82,114.349998,114.510002,3220100,100.844719
1/12/2012,114.18,114.379997,114.010002,114.099998,1820800,100.483644
1/11/2012,113.889999,114.050003,113.809998,113.839996,2382700,100.25467
1/10/2012,113.699997,113.919998,113.610001,113.860001,1946400,100.272287
1/9/2012,113.830002,113.93,113.540001,113.540001,1184400,99.990475
1/6/2012,113.489998,113.82,113.389999,113.709999,781000,100.140186
1/5/2012,113.699997,113.760002,113.199997,113.269997,1454800,99.752693
1/4/2012,113.75,113.949997,113.440002,113.760002,1641400,100.184222
1/3/2012,113.800003,114,113.5,113.669998,2509400,100.104959
12/30/2011,113.449997,113.849998,113.330002,113.760002,807100,100.184222
12/29/2011,113.489998,113.5,113.019997,113.279999,971600,99.761501
12/28/2011,113.279999,113.5,113.050003,113.339996,501500,99.814339
12/27/2011,112.82,113.139999,112.43,113.129997,872900,99.6294
12/23/2011,113.349998,113.349998,112.949997,113.089996,830600,99.252474
12/22/2011,113.190002,113.5,113.110001,113.440002,1762800,99.559654
12/21/2011,113.379997,113.440002,112.849998,112.849998,1159500,99.041842
12/20/2011,113.32,113.580002,113.199997,113.330002,1127900,99.463113
12/19/2011,113.129997,113.489998,112.870003,113.410004,1061800,99.533326
12/16/2011,112.5,113.050003,112.449997,113.010002,1464900,99.182268
12/15/2011,112.199997,112.5,112.190002,112.379997,912600,98.629349
12/14/2011,112.150002,112.290001,111.900002,112.199997,1085400,98.471374
12/13/2011,111.68,112.290001,111.650002,112.010002,1206100,98.304626
12/12/2011,111.910004,111.959999,111.470001,111.629997,574500,97.971118
12/9/2011,112.379997,112.440002,111.5,111.620003,1018000,97.962347
12/8/2011,112.300003,112.339996,111.959999,112.050003,1110300,98.339733
12/7/2011,112.160004,112.470001,111.989998,112.43,1560000,98.673234
12/6/2011,112.059998,112.370003,111.669998,111.730003,1166900,98.058888
12/5/2011,111.5,112.330002,111.449997,112.330002,1826300,98.585471
12/2/2011,110.849998,111.550003,110.57,111.5,1882200,97.857027
12/1/2011,110.300003,110.639999,110.110001,110.559998,1661300,97.032042
11/30/2011,110.800003,110.900002,110.440002,110.690002,1759300,96.807371
11/29/2011,110.389999,110.43,109.93,110.190002,1460500,96.37008
11/28/2011,110.129997,110.809998,109.809998,110.440002,2416000,96.588725
11/25/2011,110.610001,110.830002,110.330002,110.389999,660100,96.544994
11/23/2011,111.199997,111.199997,110.650002,110.830002,1796600,96.929812
11/22/2011,111.510002,111.720001,111.400002,111.400002,1391700,97.428322
11/21/2011,112.120003,112.120003,111.580002,111.690002,1355300,97.681952
11/18/2011,111.970001,112.199997,111.779999,112.150002,1280400,98.084258
11/17/2011,112.730003,112.93,111.900002,111.970001,4230700,97.926833
11/16/2011,113.370003,113.370003,112.75,112.860001,2641800,98.70521
11/15/2011,113.260002,113.550003,113.010002,113.220001,1425200,99.02006
11/14/2011,113.410004,113.610001,113.199997,113.330002,821400,99.116264
11/11/2011,113.57,113.580002,112.980003,113.339996,1114200,99.125005
11/10/2011,113.779999,113.870003,113.059998,113.540001,1487800,99.299925
11/9/2011,114.620003,114.879997,114.059998,114.110001,1252300,99.798436
11/8/2011,115.110001,115.239998,114.370003,114.410004,4358700,100.060813
11/7/2011,115.400002,115.68,115.07,115.120003,757000,100.681765
11/4/2011,115.300003,115.68,115.019997,115.580002,1489300,101.084071
11/3/2011,115.169998,115.529999,114.860001,115.349998,1868200,100.882915
11/2/2011,114.739998,115.32,114.599998,115.290001,1871200,100.830442
11/1/2011,114.699997,114.989998,114.360001,114.870003,1530900,100.463119
10/31/2011,114.639999,114.949997,114.349998,114.699997,1548300,99.962854
10/28/2011,114.25,114.720001,114.040001,114.440002,2102500,99.736265
10/27/2011,113.970001,114.639999,113.900002,114,2364200,99.352796
10/26/2011,114.220001,114.309998,113.769997,114.019997,1035800,99.370223
10/25/2011,113.480003,114.199997,113.43,114.099998,1546300,99.439946
10/24/2011,113.220001,113.540001,113.199997,113.540001,1341200,98.951899
10/21/2011,112.650002,113.019997,112.639999,112.959999,850600,98.446418
10/20/2011,112.300003,112.650002,112.07,112.589996,937600,98.123955
10/19/2011,112.279999,112.5,112,112.339996,1839700,97.906076
10/18/2011,111.849998,112.279999,111.800003,112.050003,835100,97.653343
10/17/2011,111.949997,111.949997,111.629997,111.660004,979000,97.313452
10/14/2011,111.139999,111.919998,111.080002,111.739998,1051900,97.383168
10/13/2011,111.980003,112.010002,111.660004,111.809998,1494400,97.444174
10/12/2011,111.540001,111.879997,111.209999,111.709999,1613100,97.357024
10/11/2011,111.540001,111.75,111.139999,111.540001,2097300,97.208868
10/10/2011,111.029999,111.360001,110.650002,111.239998,953700,96.94741
10/7/2011,111.150002,111.489998,110.949997,111.029999,2117800,96.764393
10/6/2011,111.639999,111.82,111.080002,111.129997,1410900,96.851543
10/5/2011,111.260002,111.599998,110.690002,111.580002,4530500,97.243729
10/4/2011,112.139999,112.150002,110.75,111.120003,1753300,96.842833
10/3/2011,112.019997,112.190002,111.690002,112.099998,3575400,97.696914
9/30/2011,112.330002,112.43,111.900002,112.309998,1483800,97.51564
9/29/2011,112.099998,112.269997,111.75,111.75,864500,97.02941
9/28/2011,112.18,112.18,111.660004,111.870003,1238500,97.133605
9/27/2011,112.150002,112.550003,112.040001,112.32,1298700,97.524325
9/26/2011,112.699997,113.019997,112.449997,112.68,811500,97.836903
9/23/2011,113.449997,113.519997,112.889999,112.889999,686500,98.01924
9/22/2011,113.68,113.809998,112.900002,113.589996,1304000,98.627028
9/21/2011,113.110001,113.550003,112.75,113.370003,1006500,98.436013
9/20/2011,113.099998,113.32,113,113.110001,889200,98.210261
9/19/2011,113,113.199997,112.919998,113.059998,903300,98.166844
9/16/2011,112.300003,112.82,112.300003,112.440002,1528700,97.62852
9/15/2011,112.419998,112.629997,112.25,112.440002,1326900,97.62852
9/14/2011,112.68,113.110001,112.68,112.830002,954900,97.967146
9/13/2011,112.690002,112.980003,112.5,112.879997,1536800,98.010555
9/12/2011,113.050003,113.519997,112.82,112.900002,1749500,98.027924
9/9/2011,113.400002,113.900002,113.080002,113.589996,1029500,98.627028
9/8/2011,113.739998,113.739998,113.150002,113.470001,1397100,98.522839
9/7/2011,113.57,113.82,113.260002,113.57,826700,98.609665
9/6/2011,112.839996,113.959999,112.510002,113.349998,4665100,98.418644
9/2/2011,112.800003,113,112.25,112.690002,1386300,97.845588
9/1/2011,112.379997,112.559998,111.529999,112,2821200,97.246478
8/31/2011,112.449997,112.739998,112.199997,112.330002,1332700,97.174411
8/30/2011,111.769997,112.160004,111.660004,111.989998,1420000,96.880281
8/29/2011,110.949997,111.470001,110.849998,111.400002,1186200,96.369887
8/26/2011,111.139999,111.620003,110.889999,111.040001,1134400,96.058457
8/25/2011,110.910004,111.18,110.669998,110.989998,1480200,96.015201
8/24/2011,111.480003,111.620003,110.199997,110.379997,1513600,95.487502
8/23/2011,112.459999,112.5,111.449997,111.699997,2340100,96.629407
8/22/2011,113.550003,113.650002,112.910004,112.989998,1464200,97.74536
8/19/2011,113.449997,113.610001,113.18,113.410004,1749300,98.108699
8/18/2011,113.93,114,113.209999,113.550003,1358100,98.229809
8/17/2011,113.379997,113.730003,112.980003,113.400002,1050200,98.100046
8/16/2011,112.519997,113.309998,112.410004,113.089996,1692300,97.831867
8/15/2011,112.529999,112.809998,112.300003,112.68,1884300,97.477188
8/12/2011,111.769997,112.629997,111.519997,112.470001,1962400,97.295522
8/11/2011,112.199997,113.300003,110.809998,111.199997,1858300,96.196867
8/10/2011,113.18,113.739998,112.790001,113.529999,1264900,98.212504
8/9/2011,111.68,113.639999,111.550003,112.519997,2109000,97.338772
8/8/2011,112.470001,112.470001,111.510002,111.519997,2548400,96.473692
8/5/2011,113.860001,113.919998,112.379997,112.589996,2470900,97.399327
8/4/2011,113.410004,114.169998,113.290001,114,2160900,98.619093
8/3/2011,113.370003,113.709999,113.150002,113.18,2093400,97.909728
8/2/2011,112.589996,113.239998,112.349998,113.220001,1427300,97.944332
8/1/2011,112.239998,112.830002,112.129997,112.279999,2151200,97.131154
7/29/2011,111.699997,112.440002,111.540001,112.370003,1680200,96.844817
7/28/2011,111.459999,111.529999,111.290001,111.370003,890200,95.982978
7/27/2011,111.32,111.43,110.989998,111.129997,762400,95.776132
7/26/2011,111.089996,111.68,111.089996,111.459999,900200,96.060541
7/25/2011,111.019997,111.440002,110.82,110.970001,1166900,95.638241
7/22/2011,111.330002,111.529999,111.18,111.5,1121000,96.095015
7/21/2011,111.050003,111.260002,110.849998,111.050003,931400,95.70719
7/20/2011,111.419998,111.589996,111.120003,111.220001,1019800,95.853701
7/19/2011,110.980003,111.57,110.93,111.480003,1230200,96.077781
7/18/2011,111.309998,111.339996,110.82,110.940002,1163600,95.612387
7/15/2011,111.07,111.379997,110.970001,111.370003,531400,95.982978
7/14/2011,111.599998,111.650002,111.07,111.120003,761200,95.767519
7/13/2011,111.660004,111.849998,111.410004,111.809998,1014400,96.362183
7/12/2011,111.75,111.75,111.339996,111.529999,694400,96.120869
7/11/2011,111.360001,111.5,111,111.440002,1397100,96.043307
7/8/2011,110.800003,111.150002,110.510002,111.07,1044300,95.724424
7/7/2011,110.07,110.43,110,110.360001,1463800,95.112519
7/6/2011,110.18,110.339996,110.010002,110.330002,1343800,95.086665
7/5/2011,109.720001,110.379997,109.720001,110.099998,1116100,94.888439
7/1/2011,109.959999,109.959999,109.389999,109.709999,1495800,94.552323
6/30/2011,110.169998,110.209999,109.57,110.129997,1004100,94.547148
6/29/2011,110.190002,110.339996,109.800003,109.970001,1041200,94.409791
6/28/2011,110.739998,110.82,110.129997,110.220001,863400,94.624417
6/27/2011,111.389999,111.419998,110.910004,110.989998,995100,95.285463
6/24/2011,111.309998,111.559998,111.190002,111.349998,716900,95.594525
6/23/2011,111.059998,111.43,111,111.290001,796100,95.543017
6/22/2011,111.089996,111.099998,110.699997,111,703200,95.29405
6/21/2011,110.849998,111.059998,110.650002,110.849998,692800,95.165273
6/20/2011,110.989998,111,110.620003,110.879997,619400,95.191027
6/17/2011,110.779999,111.050003,110.760002,110.860001,556100,95.173859
6/16/2011,111,111.089996,110.730003,110.82,1002000,95.139518
6/15/2011,110.349998,111.050003,110.300003,111.029999,1024100,95.319804
6/14/2011,110.419998,110.550003,110.309998,110.419998,690200,94.796115
6/13/2011,110.589996,110.870003,110.480003,110.75,908900,95.079423
6/10/2011,110.82,110.989998,110.529999,110.629997,1379300,94.9764
6/9/2011,111.150002,111.25,110.559998,110.760002,1355700,95.08801
6/8/2011,111.029999,111.239998,110.910004,111.059998,450600,95.345558
6/7/2011,110.529999,111.029999,110.470001,110.989998,405200,95.285463
6/6/2011,110.529999,110.779999,110.449997,110.610001,445500,94.959233
6/3/2011,111.029999,111.239998,110.529999,110.800003,684700,95.122351
6/2/2011,111.25,111.25,110.540001,110.559998,1448900,94.916305
6/1/2011,111.379997,111.900002,111.309998,111.57,1467600,95.783397
5/31/2011,111.43,111.580002,111.300003,111.440002,1022400,95.30693
5/27/2011,111.120003,111.449997,111.110001,111.449997,510300,95.315478
5/26/2011,111.099998,111.339996,110.980003,111.330002,1042600,95.212854
5/25/2011,111.220001,111.220001,110.779999,110.849998,675300,94.80234
5/24/2011,110.860001,111.190002,110.809998,111.07,590500,94.990492
5/23/2011,111.290001,111.349998,110.900002,110.93,1200000,94.87076
5/20/2011,110.959999,111.089996,110.800003,111,585600,94.930626
5/19/2011,110.589996,111.099998,110.5,111.080002,430800,94.999046
5/18/2011,111.239998,111.360001,110.870003,110.889999,477800,94.83655
5/17/2011,111.050003,111.349998,110.989998,111.169998,1227800,95.076014
5/16/2011,110.639999,111.080002,110.599998,111.019997,614900,94.947728
5/13/2011,110.639999,110.93,110.550003,110.699997,1062900,94.674054
5/12/2011,110.57,110.699997,110.18,110.370003,595000,94.391833
5/11/2011,110.449997,110.769997,110.309998,110.629997,538900,94.614189
5/10/2011,110.800003,110.830002,110.400002,110.449997,974700,94.460247
5/9/2011,110.809998,111,110.730003,110.900002,485200,94.845105
5/6/2011,110.559998,111.029999,110.419998,110.790001,857100,94.751029
5/5/2011,110.510002,110.879997,110.510002,110.790001,771600,94.751029
5/4/2011,110.459999,110.589996,110.309998,110.410004,720600,94.426043
5/3/2011,110.330002,110.400002,110.089996,110.25,661300,94.289203
5/2/2011,110.050003,110.43,109.959999,110.300003,1771000,94.331967
4/29/2011,110.190002,110.480003,110.160004,110.470001,756000,94.112171
4/28/2011,109.949997,110.290001,109.849998,110.260002,508700,93.933267
4/27/2011,109.849998,110,109.68,109.910004,716100,93.635095
4/26/2011,109.620003,110.080002,109.610001,110.050003,953600,93.754364
4/25/2011,109.410004,109.610001,109.339996,109.540001,687000,93.31988
4/21/2011,109.379997,109.699997,109.260002,109.43,624800,93.226168
4/20/2011,109.410004,109.43,109.209999,109.330002,515400,93.140977
4/19/2011,109.190002,109.440002,109.080002,109.279999,467300,93.098378
4/18/2011,108.809998,109.160004,108.559998,109.050003,822800,92.902439
4/15/2011,108.730003,109,108.730003,108.900002,662600,92.774648
4/14/2011,108.760002,108.760002,108.260002,108.330002,1076400,92.289051
4/13/2011,108.239998,108.669998,108.239998,108.599998,673700,92.519068
4/12/2011,108.43,108.580002,108.25,108.410004,625100,92.357207
4/11/2011,107.900002,108.18,107.900002,108.029999,667500,92.033471
4/8/2011,108,108.230003,107.900002,108.019997,572200,92.02495
4/7/2011,108.300003,108.339996,108,108.080002,641400,92.07607
4/6/2011,108.559998,108.57,108.18,108.239998,1253300,92.212375
4/5/2011,108.610001,108.610001,108.25,108.589996,1901800,92.510547
4/4/2011,108.300003,108.639999,108.300003,108.529999,767300,92.459434
4/1/2011,107.760002,108.389999,107.519997,108.279999,2873600,92.246453
3/31/2011,108.610001,108.610001,108.110001,108.199997,832900,91.81282
3/30/2011,108.199997,108.550003,108.190002,108.550003,754700,92.109816
3/29/2011,108.400002,108.739998,108.120003,108.18,625000,91.795851
3/28/2011,108.5,108.860001,108.360001,108.709999,573000,92.24558
3/25/2011,108.870003,109.080002,108.550003,108.669998,420200,92.211638
3/24/2011,109.089996,109.139999,108.779999,108.830002,516800,92.347409
3/23/2011,109.400002,109.480003,109,109.190002,537800,92.652886
3/22/2011,108.830002,109.290001,108.830002,109.260002,463300,92.712284
3/21/2011,109.099998,109.360001,108.940002,109.059998,870400,92.542571
3/18/2011,108.940002,109.489998,108.93,109.410004,693500,92.839568
3/17/2011,109.07,109.459999,108.970001,109.339996,1117800,92.780163
3/16/2011,109.260002,109.989998,109.059998,109.410004,2000100,92.839568
3/15/2011,109.029999,109.07,108.620003,108.760002,1659400,92.28801
3/14/2011,108.940002,109.099998,108.699997,108.769997,1095700,92.296491
3/11/2011,108.709999,109,108.529999,108.650002,1541500,92.19467
3/10/2011,108.5,108.839996,108.129997,108.75,965400,92.279523
3/9/2011,107.900002,108.389999,107.800003,108.309998,1745300,91.90616
3/8/2011,107.919998,108.010002,107.660004,107.75,745900,91.430976
3/7/2011,107.739998,108.279999,107.739998,107.889999,451800,91.549772
3/4/2011,107.849998,108.269997,107.82,108.160004,1385200,91.778883
3/3/2011,108.080002,108.150002,107.690002,107.75,1024200,91.430976
3/2/2011,108.68,108.82,108.209999,108.209999,837100,91.821307
3/1/2011,108.43,108.800003,108.379997,108.790001,1332300,92.313466
2/28/2011,108.940002,109.220001,108.940002,109.220001,718600,92.311769
2/25/2011,108.709999,108.959999,108.540001,108.93,722900,92.066663
2/24/2011,108.589996,108.75,108.360001,108.419998,718900,91.635613
2/23/2011,108.650002,108.75,108.25,108.300003,1293600,91.534195
2/22/2011,107.989998,108.68,107.989998,108.43,1225300,91.644067
2/18/2011,107.709999,108.129997,107.660004,108.129997,505900,91.390507
2/17/2011,108.120003,108.199997,107.900002,107.970001,585600,91.25528
2/16/2011,107.889999,108.169998,107.650002,107.769997,1892600,91.086238
2/15/2011,107.690002,107.900002,107.529999,107.900002,621800,91.196117
2/14/2011,107.330002,107.860001,107.330002,107.660004,785400,90.993273
2/11/2011,107.349998,107.660004,107.230003,107.589996,817300,90.934103
2/10/2011,107.199997,107.389999,106.940002,107,690600,90.435444
2/9/2011,106.949997,107.660004,106.82,107.529999,2124900,90.883394
2/8/2011,107.260002,107.470001,106.790001,106.839996,1263200,90.30021
2/7/2011,106.93,107.349998,106.879997,107.230003,1709500,90.62984
2/4/2011,107.300003,107.440002,106.879997,107.110001,1367700,90.528415
2/3/2011,107.510002,107.769997,107.419998,107.440002,1645800,90.80733
2/2/2011,108.120003,108.150002,107.559998,107.699997,1975700,91.027075
2/1/2011,107.959999,108.110001,107.720001,107.910004,989200,91.204571
1/31/2011,108.720001,109,108.440002,108.480003,1849900,91.325434
1/28/2011,108.370003,109.019997,108.339996,108.779999,1388100,91.57799
1/27/2011,108.5,108.790001,108.339996,108.639999,1094300,91.460129
1/26/2011,108.830002,108.989998,108.459999,108.459999,1647100,91.308593
1/25/2011,108.82,109.18,108.419998,109.07,1302200,91.822131
1/24/2011,108.550003,108.82,108.459999,108.529999,727200,91.367524
1/21/2011,108.18,108.550003,108.139999,108.480003,1056600,91.325434
1/20/2011,108.580002,108.75,107.699997,108.32,1699200,91.190733
1/19/2011,108.830002,108.970001,108.68,108.790001,1685300,91.58641
1/18/2011,108.800003,109.080002,108.400002,108.870003,1422700,91.653761
1/14/2011,109.389999,109.43,108.889999,108.93,1629900,91.704271
1/13/2011,108.849998,109.459999,108.769997,109.449997,971000,92.142037
1/12/2011,108.809998,109.019997,108.669998,108.980003,1291600,91.746366
1/11/2011,108.900002,109.169998,108.580002,109.050003,845000,91.805297
1/10/2011,108.779999,109.199997,108.779999,109.099998,909200,91.847386
1/7/2011,108.260002,109.059998,108.199997,108.910004,1118600,91.687436
1/6/2011,108.32,108.639999,108.199997,108.360001,1089700,91.224408
1/5/2011,108.510002,108.580002,108,108.199997,1209200,91.089707
1/4/2011,108.980003,109.190002,108.75,109,962500,91.763201
1/3/2011,108.220001,108.889999,108.059998,108.860001,2447900,91.64534
12/31/2010,108.25,108.75,108.25,108.440002,914800,91.291759
12/30/2010,107.970001,108.209999,107.690002,108.169998,562900,91.064452
12/29/2010,107.239998,108.400002,107.169998,108.120003,1031600,91.022363
12/28/2010,108.099998,108.190002,107.220001,107.309998,584800,90.340448
12/27/2010,108.129997,108.690002,107.970001,108.599998,781400,91.066137
12/23/2010,108.220001,108.389999,108.089996,108.389999,861300,90.890043
12/22/2010,108.489998,108.559998,108.199997,108.339996,749800,90.848113
12/21/2010,108.339996,108.470001,107.93,108.43,985200,90.923586
12/20/2010,108.419998,108.639999,108.059998,108.199997,1438200,90.730717
12/17/2010,107.370003,108.32,107.360001,108.269997,1678700,90.789415
12/16/2010,106.690002,107.339996,106.339996,107.290001,1892500,89.967644
12/15/2010,107.620003,107.82,106.68,106.769997,2601900,89.531596
12/14/2010,107.650002,107.93,107.010002,107.440002,1976500,90.093427
12/13/2010,107.610001,108.379997,107.57,108.099998,1670200,90.646864
12/10/2010,107.949997,108.239998,107.57,107.699997,1335200,90.311444
12/9/2010,108.059998,108.400002,107.779999,108.199997,1967300,90.730717
12/8/2010,108.25,108.269997,107.230003,107.940002,3831100,90.5127
12/7/2010,109.150002,109.349998,108.279999,108.639999,1302200,91.09968
12/6/2010,109.410004,109.660004,109.309998,109.660004,670700,91.955001
12/3/2010,109.43,109.669998,108.860001,108.900002,1391800,91.317704
12/2/2010,109.110001,109.489998,108.919998,109.209999,1011600,91.577651
12/1/2010,109.400002,109.559998,109.07,109.449997,1473400,91.7789
11/30/2010,110.599998,110.739998,110.080002,110.120003,1324500,91.983511
11/29/2010,110.32,110.5,110.190002,110.290001,494600,92.12551
11/26/2010,110.18,110.339996,109.959999,110.18,233400,92.033627
11/24/2010,110.440002,110.459999,109.860001,110.040001,644500,91.916685
11/23/2010,111.160004,111.190002,110.75,110.949997,749200,92.676807
11/22/2010,110.5,110.910004,110.5,110.889999,759800,92.626691
11/19/2010,110.07,110.360001,109.900002,110.279999,676400,92.117156
11/18/2010,109.93,110.080002,109.480003,109.900002,1001200,91.799743
11/17/2010,109.910004,110.370003,109.769997,109.82,1237000,91.732917
11/16/2010,109.5,109.900002,109.019997,109.82,2219600,91.732917
11/15/2010,110.059998,110.279999,109.239998,109.239998,1294100,91.24844
11/12/2010,111.099998,111.25,110.419998,110.449997,1351700,92.259155
11/11/2010,111.699997,111.75,111.220001,111.230003,778500,92.910697
11/10/2010,111.629997,111.93,110.809998,111.720001,1169900,93.319993
11/9/2010,112.910004,112.919998,111.910004,111.959999,1438900,93.520464
11/8/2010,112.849998,112.980003,112.57,112.800003,432500,94.222121
11/5/2010,112.870003,113.029999,112.610001,112.739998,455800,94.171999
11/4/2010,112.580002,113.190002,112.580002,113.099998,990300,94.472708
11/3/2010,112.610001,112.900002,111.800003,112.040001,932000,93.58729
11/2/2010,112.080002,112.459999,112.080002,112.410004,555600,93.896354
11/1/2010,112.080002,112.57,111.769997,111.889999,865500,93.461993
10/29/2010,112.160004,112.5,112.120003,112.360001,583800,93.493736
10/28/2010,111.989998,112.339996,111.910004,112.139999,1264500,93.310675
10/27/2010,111.669998,111.919998,111.660004,111.690002,1751000,92.936236
10/26/2010,112.160004,112.440002,111.980003,111.980003,598800,93.177543
10/25/2010,112.82,112.910004,112.550003,112.580002,716400,93.676797
10/22/2010,112.089996,112.339996,112,112.18,640000,93.343959
10/21/2010,112.290001,112.57,112.040001,112.040001,841200,93.227467
10/20/2010,112.190002,112.620003,111.910004,112.339996,632700,93.47709
10/19/2010,111.790001,112.379997,111.739998,112.139999,685300,93.310675
10/18/2010,111.790001,112.150002,111.760002,112.129997,662600,93.302352
10/15/2010,111.68,111.970001,111.360001,111.360001,1287700,92.661645
10/14/2010,112.839996,112.949997,112.050003,112.07,1236100,93.252429
10/13/2010,112.93,113.18,112.699997,112.980003,996600,94.009634
10/12/2010,113.279999,113.489998,112.959999,113.040001,748800,94.059558
10/11/2010,113.089996,113.400002,113.07,113.209999,460300,94.201012
10/8/2010,113.5,113.589996,113.07,113.110001,1160400,94.117804
10/7/2010,113.43,113.489998,113.169998,113.220001,713800,94.209334
10/6/2010,113.129997,113.980003,113.07,113.25,1457100,94.234296
10/5/2010,112.589996,112.720001,112.379997,112.519997,1236000,93.626867
10/4/2010,112.120003,112.360001,112.120003,112.290001,847300,93.43549
10/1/2010,112.360001,112.540001,108.980003,112.110001,3916600,93.285713
9/30/2010,112.760002,113.150002,112.199997,113.089996,1089800,93.740033
9/29/2010,112.919998,112.989998,112.68,112.769997,751900,93.474786
9/28/2010,112.68,113.190002,112.610001,112.879997,595900,93.565965
9/27/2010,112.529999,112.75,112.410004,112.68,770900,93.400188
9/24/2010,112.339996,112.339996,112.010002,112.099998,1064700,92.919426
9/23/2010,112.68,112.699997,112.269997,112.349998,594200,93.12665
9/22/2010,112.449997,112.589996,112.18,112.269997,851200,93.060337
9/21/2010,111.620003,112.480003,111.599998,112.339996,1416600,93.11836
9/20/2010,111.489998,111.589996,111.309998,111.489998,775000,92.413798
9/17/2010,111.339996,111.459999,111.040001,111.349998,2647200,92.297753
9/16/2010,111.040001,111.050003,110.709999,110.989998,1382000,91.999349
9/15/2010,111.339996,111.559998,111.199997,111.339996,983200,92.289462
9/14/2010,111.199997,111.599998,111.129997,111.519997,1846500,92.438664
9/13/2010,110.830002,111.300003,110.75,111,987900,92.00764
9/10/2010,110.510002,110.940002,110.419998,110.849998,1105900,91.883304
9/9/2010,111.18,111.199997,110.559998,110.769997,967700,91.81699
9/8/2010,111.480003,111.5,111.199997,111.349998,556200,92.297753
9/7/2010,111.589996,111.739998,111,111.57,1128300,92.480111
9/3/2010,110.720001,111.150002,110.669998,110.75,1184800,91.800415
9/2/2010,111.470001,111.669998,111.330002,111.589996,1243900,92.496686
9/1/2010,112.349998,112.389999,111.449997,111.730003,2395600,92.612738
8/31/2010,112.660004,113.050003,112.400002,113,1450700,93.313979
8/30/2010,112.459999,112.720001,111.980003,112.620003,1574500,93.000182
8/27/2010,112.720001,112.910004,111.82,111.889999,1642300,92.397354
8/26/2010,112.75,112.959999,112.580002,112.910004,703600,93.239661
8/25/2010,113,113,112.400002,112.809998,1820000,93.157077
8/24/2010,112.610001,112.800003,112.349998,112.599998,826000,92.983663
8/23/2010,111.989998,112.360001,111.830002,112.339996,549100,92.768956
8/20/2010,111.849998,112.25,111.800003,112.099998,1402000,92.570769
8/19/2010,111.589996,112.379997,111.580002,111.900002,1439500,92.405614
8/18/2010,111.790001,111.989998,111.599998,111.779999,1889200,92.306517
8/17/2010,111.900002,111.980003,111.470001,111.68,799600,92.22394
8/16/2010,111.279999,111.970001,111.279999,111.860001,786200,92.372582
8/13/2010,110.389999,110.779999,110.339996,110.639999,894800,91.36512
8/12/2010,110.540001,110.699997,110.18,110.209999,1427100,91.010031
8/11/2010,110.629997,110.940002,110.540001,110.599998,934600,91.332088
8/10/2010,110.599998,110.730003,110.379997,110.610001,1260100,91.340348
8/9/2010,110.459999,110.779999,110.300003,110.75,844400,91.455957
8/6/2010,110.190002,110.480003,110.059998,110.389999,685700,91.158673
